Date,Rank,Song,Artist
2026-03-15,1,Bairan,Banjaare
2026-03-15,2,Sheesha - Aakhya Mai Aakh Ghali Jo Bairan,Mitta Ror
2026-03-15,3,Gehra Hua,Shashwat Sachdev
2026-03-15,4,Sahiba,Aditya Rikhari
2026-03-15,5,Dooron Dooron,Paresh Pahuja
2026-03-15,6,Khat,Navjot Ahuja
2026-03-15,7,Samjhawan,Jawad Ahmad
2026-03-15,8,Sitaare,Arijit Singh
2026-03-15,9,Shararat,Shashwat Sachdev
2026-03-15,10,Finding Her,Kushagra
2026-03-15,11,Apna Bana Le,Sachin-Jigar
2026-03-15,12,Arz Kiya Hai | Coke Studio Bharat,Anuv Jain
2026-03-15,13,Bairi,Virat
2026-03-15,14,Ishq,Faheem Abdullah
2026-03-15,15,For A Reason,Karan Aujla
2026-03-15,16,Saiyaara,Tanishk Bagchi
2026-03-15,17,Mann Mera,Gajendra Verma
2026-03-15,18,Boyfriend,Karan Aujla
2026-03-15,19,Ishqa Ve,Zeeshan Ali
2026-03-15,20,Raanjhan,Sachet-Parampara
2026-03-15,21,Tere Liye,Atif Aslam
2026-03-15,22,Dhurandhar - Title Track,Shashwat Sachdev
2026-03-15,23,Jo Tum Mere Ho,Anuv Jain
2026-03-15,24,Tere Bina,A.R. Rahman
2026-03-15,25,Deewaana Deewaana,A.R. Rahman
2026-03-15,26,Pavazha Malli,Sai Abhyankkar
2026-03-15,27,Aaya Sher,Anirudh Ravichander
2026-03-15,28,Agar Tum Saath Ho,Alka Yagnik
2026-03-15,29,Haseen,Talwiinder
2026-03-15,30,Tum Ho Toh,Vishal Mishra
2026-03-15,31,Ye Tune Kya Kiya,Pritam
2026-03-15,32,Not Guilty,Dhanda Nyoliwala
2026-03-15,33,Zaalima,Arijit Singh
2026-03-15,34,Darkhaast,Mithoon
2026-03-15,35,Tu Na Samjhe,Hellow Raja
2026-03-15,36,KALYANI,ARJN
2026-03-15,37,Ehsaas,Faheem Abdullah
2026-03-15,38,Mast Magan,Arijit Singh
2026-03-15,39,Lutt Le Gaya,Shashwat Sachdev
2026-03-15,40,Barbaad,The Rish
2026-03-15,41,Teri Deewani,Kailash Kher
2026-03-15,42,Naal Nachna,Shashwat Sachdev
2026-03-15,43,Humdard,Arijit Singh
2026-03-15,44,Thodi Si Daaru,AP Dhillon
2026-03-15,45,Ishq Jalakar - Karvaan,Shashwat Sachdev
2026-03-15,46,Kithe Reh Gaya,Neeti Mohan
2026-03-15,47,Mann Mera - Original Version,Gajendra Verma
2026-03-15,48,Jhol - Acoustic,Maanu
2026-03-15,49,Dhun,Mithoon
2026-03-15,50,High On You,Jind Universe
2026-03-16,1,Bairan,Banjaare
2026-03-16,2,Sheesha - Aakhya Mai Aakh Ghali Jo Bairan,Mitta Ror
2026-03-16,3,Gehra Hua,Shashwat Sachdev
2026-03-16,4,Dooron Dooron,Paresh Pahuja
2026-03-16,5,Khat,Navjot Ahuja
2026-03-16,6,Sahiba,Aditya Rikhari
2026-03-16,7,Samjhawan,Jawad Ahmad
2026-03-16,8,Sitaare,Arijit Singh
2026-03-16,9,Apna Bana Le,Sachin-Jigar
2026-03-16,10,Finding Her,Kushagra
2026-03-16,11,Arz Kiya Hai | Coke Studio Bharat,Anuv Jain
2026-03-16,12,Shararat,Shashwat Sachdev
2026-03-16,13,Bairi,Virat
2026-03-16,14,Ishq,Faheem Abdullah
2026-03-16,15,For A Reason,Karan Aujla
2026-03-16,16,Boyfriend,Karan Aujla
2026-03-16,17,Saiyaara,Tanishk Bagchi
2026-03-16,18,Mann Mera,Gajendra Verma
2026-03-16,19,Raanjhan,Sachet-Parampara
2026-03-16,20,Ishqa Ve,Zeeshan Ali
2026-03-16,21,Tere Liye,Atif Aslam
2026-03-16,22,Pavazha Malli,Sai Abhyankkar
2026-03-16,23,Dhurandhar - Title Track,Shashwat Sachdev
2026-03-16,24,Deewaana Deewaana,A.R. Rahman
2026-03-16,25,Jo Tum Mere Ho,Anuv Jain
2026-03-16,26,Tere Bina,A.R. Rahman
2026-03-16,27,Agar Tum Saath Ho,Alka Yagnik
2026-03-16,28,Aaya Sher,Anirudh Ravichander
2026-03-16,29,Haseen,Talwiinder
2026-03-16,30,Tum Ho Toh,Vishal Mishra
2026-03-16,31,Darkhaast,Mithoon
2026-03-16,32,Not Guilty,Dhanda Nyoliwala
2026-03-16,33,Ye Tune Kya Kiya,Pritam
2026-03-16,34,Naal Nachna,Shashwat Sachdev
2026-03-16,35,Barbaad,The Rish
2026-03-16,36,Ehsaas,Faheem Abdullah
2026-03-16,37,Zaalima,Arijit Singh
2026-03-16,38,Mast Magan,Arijit Singh
2026-03-16,39,Lutt Le Gaya,Shashwat Sachdev
2026-03-16,40,Teri Deewani,Kailash Kher
2026-03-16,41,Humdard,Arijit Singh
2026-03-16,42,Thodi Si Daaru,AP Dhillon
2026-03-16,43,KALYANI,ARJN
2026-03-16,44,Ishq Jalakar - Karvaan,Shashwat Sachdev
2026-03-16,45,Mann Mera - Original Version,Gajendra Verma
2026-03-16,46,Kithe Reh Gaya,Neeti Mohan
2026-03-16,47,Aakh Ye Taalibaani,Manish Sonipat Aala
2026-03-16,48,Ucha Lamba Kad,Anand Raj Anand
2026-03-16,49,High On You,Jind Universe
2026-03-16,50,Tu Na Samjhe,Hellow Raja
2026-03-17,1,Bairan,Banjaare
2026-03-17,2,Sheesha - Aakhya Mai Aakh Ghali Jo Bairan,Mitta Ror
2026-03-17,3,Gehra Hua,Shashwat Sachdev
2026-03-17,4,Dooron Dooron,Paresh Pahuja
2026-03-17,5,Khat,Navjot Ahuja
2026-03-17,6,Sahiba,Aditya Rikhari
2026-03-17,7,Samjhawan,Jawad Ahmad
2026-03-17,8,Sitaare,Arijit Singh
2026-03-17,9,Finding Her,Kushagra
2026-03-17,10,Apna Bana Le,Sachin-Jigar
2026-03-17,11,Arz Kiya Hai | Coke Studio Bharat,Anuv Jain
2026-03-17,12,Shararat,Shashwat Sachdev
2026-03-17,13,Ishq,Faheem Abdullah
2026-03-17,14,Bairi,Virat
2026-03-17,15,For A Reason,Karan Aujla
2026-03-17,16,Boyfriend,Karan Aujla
2026-03-17,17,Mann Mera,Gajendra Verma
2026-03-17,18,Saiyaara,Tanishk Bagchi
2026-03-17,19,Ishqa Ve,Zeeshan Ali
2026-03-17,20,Tere Liye,Atif Aslam
2026-03-17,21,Raanjhan,Sachet-Parampara
2026-03-17,22,Pavazha Malli,Sai Abhyankkar
2026-03-17,23,Dhurandhar - Title Track,Shashwat Sachdev
2026-03-17,24,Deewaana Deewaana,A.R. Rahman
2026-03-17,25,Jo Tum Mere Ho,Anuv Jain
2026-03-17,26,Tere Bina,A.R. Rahman
2026-03-17,27,Agar Tum Saath Ho,Alka Yagnik
2026-03-17,28,Tum Ho Toh,Vishal Mishra
2026-03-17,29,Aaya Sher,Anirudh Ravichander
2026-03-17,30,Haseen,Talwiinder
2026-03-17,31,Darkhaast,Mithoon
2026-03-17,32,Not Guilty,Dhanda Nyoliwala
2026-03-17,33,Ye Tune Kya Kiya,Pritam
2026-03-17,34,Shree Hanuman Chalisa,Hariharan
2026-03-17,35,Naal Nachna,Shashwat Sachdev
2026-03-17,36,Barbaad,The Rish
2026-03-17,37,Mast Magan,Arijit Singh
2026-03-17,38,Ehsaas,Faheem Abdullah
2026-03-17,39,Zaalima,Arijit Singh
2026-03-17,40,Teri Deewani,Kailash Kher
2026-03-17,41,Lutt Le Gaya,Shashwat Sachdev
2026-03-17,42,Thodi Si Daaru,AP Dhillon
2026-03-17,43,Kithe Reh Gaya,Neeti Mohan
2026-03-17,44,KALYANI,ARJN
2026-03-17,45,Ishq Jalakar - Karvaan,Shashwat Sachdev
2026-03-17,46,Humdard,Arijit Singh
2026-03-17,47,Jhol - Acoustic,Maanu
2026-03-17,48,Dhun,Mithoon
2026-03-17,49,High On You,Jind Universe
2026-03-17,50,Mann Mera - Original Version,Gajendra Verma
2026-03-18,1,Bairan,Banjaare
2026-03-18,2,Sheesha - Aakhya Mai Aakh Ghali Jo Bairan,Mitta Ror
2026-03-18,3,Gehra Hua,Shashwat Sachdev
2026-03-18,4,Dooron Dooron,Paresh Pahuja
2026-03-18,5,Khat,Navjot Ahuja
2026-03-18,6,Sahiba,Aditya Rikhari
2026-03-18,7,Sitaare,Arijit Singh
2026-03-18,8,Samjhawan,Jawad Ahmad
2026-03-18,9,Finding Her,Kushagra
2026-03-18,10,Apna Bana Le,Sachin-Jigar
2026-03-18,11,Arz Kiya Hai | Coke Studio Bharat,Anuv Jain
2026-03-18,12,For A Reason,Karan Aujla
2026-03-18,13,Bairi,Virat
2026-03-18,14,Boyfriend,Karan Aujla
2026-03-18,15,Shararat,Shashwat Sachdev
2026-03-18,16,Ishq,Faheem Abdullah
2026-03-18,17,Pavazha Malli,Sai Abhyankkar
2026-03-18,18,Mann Mera,Gajendra Verma
2026-03-18,19,Saiyaara,Tanishk Bagchi
2026-03-18,20,Dhurandhar - Title Track,Shashwat Sachdev
2026-03-18,21,Dhurandhar The Revenge - Aari Aari,Shashwat Sachdev
2026-03-18,22,Raanjhan,Sachet-Parampara
2026-03-18,23,Ishqa Ve,Zeeshan Ali
2026-03-18,24,Deewaana Deewaana,A.R. Rahman
2026-03-18,25,Darkhaast,Mithoon
2026-03-18,26,Tere Liye,Atif Aslam
2026-03-18,27,Tere Bina,A.R. Rahman
2026-03-18,28,Jogi,thiarajxtt
2026-03-18,29,Aaya Sher,Anirudh Ravichander
2026-03-18,30,Agar Tum Saath Ho,Alka Yagnik
2026-03-18,31,Tum Ho Toh,Vishal Mishra
2026-03-18,32,Jo Tum Mere Ho,Anuv Jain
2026-03-18,33,Haseen,Talwiinder
2026-03-18,34,Not Guilty,Dhanda Nyoliwala
2026-03-18,35,Naal Nachna,Shashwat Sachdev
2026-03-18,36,Barbaad,The Rish
2026-03-18,37,Ye Tune Kya Kiya,Pritam
2026-03-18,38,Lutt Le Gaya,Shashwat Sachdev
2026-03-18,39,KALYANI,ARJN
2026-03-18,40,Teri Deewani,Kailash Kher
2026-03-18,41,Mast Magan,Arijit Singh
2026-03-18,42,Ehsaas,Faheem Abdullah
2026-03-18,43,Ishq Jalakar - Karvaan,Shashwat Sachdev
2026-03-18,44,Thodi Si Daaru,AP Dhillon
2026-03-18,45,Humdard,Arijit Singh
2026-03-18,46,Jhol - Acoustic,Maanu
2026-03-18,47,High On You,Jind Universe
2026-03-18,48,Dhun,Mithoon
2026-03-18,49,Kithe Reh Gaya,Neeti Mohan
2026-03-18,50,Zaalima,Arijit Singh
2026-03-19,1,Bairan,Banjaare
2026-03-19,2,Sheesha - Aakhya Mai Aakh Ghali Jo Bairan,Mitta Ror
2026-03-19,3,Gehra Hua,Shashwat Sachdev
2026-03-19,4,Dooron Dooron,Paresh Pahuja
2026-03-19,5,Khat,Navjot Ahuja
2026-03-19,6,Sitaare,Arijit Singh
2026-03-19,7,Dhurandhar The Revenge - Aari Aari,Shashwat Sachdev
2026-03-19,8,Sahiba,Aditya Rikhari
2026-03-19,9,Samjhawan,Jawad Ahmad
2026-03-19,10,Finding Her,Kushagra
2026-03-19,11,Apna Bana Le,Sachin-Jigar
2026-03-19,12,Arz Kiya Hai | Coke Studio Bharat,Anuv Jain
2026-03-19,13,Bairi,Virat
2026-03-19,14,Pavazha Malli,Sai Abhyankkar
2026-03-19,15,Ishq,Faheem Abdullah
2026-03-19,16,Shararat,Shashwat Sachdev
2026-03-19,17,For A Reason,Karan Aujla
2026-03-19,18,Dhurandhar - Title Track,Shashwat Sachdev
2026-03-19,19,Boyfriend,Karan Aujla
2026-03-19,20,Mann Mera,Gajendra Verma
2026-03-19,21,Saiyaara,Tanishk Bagchi
2026-03-19,22,Ishqa Ve,Zeeshan Ali
2026-03-19,23,Raanjhan,Sachet-Parampara
2026-03-19,24,Deewaana Deewaana,A.R. Rahman
2026-03-19,25,Darkhaast,Mithoon
2026-03-19,26,Tere Liye,Atif Aslam
2026-03-19,27,Jo Tum Mere Ho,Anuv Jain
2026-03-19,28,Agar Tum Saath Ho,Alka Yagnik
2026-03-19,29,Tere Bina,A.R. Rahman
2026-03-19,30,Aaya Sher,Anirudh Ravichander
2026-03-19,31,Haseen,Talwiinder
2026-03-19,32,Not Guilty,Dhanda Nyoliwala
2026-03-19,33,Naal Nachna,Shashwat Sachdev
2026-03-19,34,Tum Ho Toh,Vishal Mishra
2026-03-19,35,Barbaad,The Rish
2026-03-19,36,KALYANI,ARJN
2026-03-19,37,Lutt Le Gaya,Shashwat Sachdev
2026-03-19,38,Jogi,thiarajxtt
2026-03-19,39,Ye Tune Kya Kiya,Pritam
2026-03-19,40,Ehsaas,Faheem Abdullah
2026-03-19,41,Ishq Jalakar - Karvaan,Shashwat Sachdev
2026-03-19,42,Mutta Kalakki,G. V. Prakash
2026-03-19,43,Humdard,Arijit Singh
2026-03-19,44,Jhol - Acoustic,Maanu
2026-03-19,45,Oorum Blood,Sai Abhyankkar
2026-03-19,46,Teri Deewani,Kailash Kher
2026-03-19,47,Dhun,Mithoon
2026-03-19,48,Zaalima,Arijit Singh
2026-03-19,49,Mann Mera - Original Version,Gajendra Verma
2026-03-19,50,Kithe Reh Gaya,Neeti Mohan
2026-03-20,1,Bairan,Banjaare
2026-03-20,2,Sheesha - Aakhya Mai Aakh Ghali Jo Bairan,Mitta Ror
2026-03-20,3,Gehra Hua,Shashwat Sachdev
2026-03-20,4,Dhurandhar The Revenge - Aari Aari,Shashwat Sachdev
2026-03-20,5,Khat,Navjot Ahuja
2026-03-20,6,Dooron Dooron,Paresh Pahuja
2026-03-20,7,Sitaare,Arijit Singh
2026-03-20,8,Sahiba,Aditya Rikhari
2026-03-20,9,Body to Body,BTS
2026-03-20,10,SWIM,BTS
2026-03-20,11,Samjhawan,Jawad Ahmad
2026-03-20,12,Finding Her,Kushagra
2026-03-20,13,Apna Bana Le,Sachin-Jigar
2026-03-20,14,Arz Kiya Hai | Coke Studio Bharat,Anuv Jain
2026-03-20,15,Shararat,Shashwat Sachdev
2026-03-20,16,Dhurandhar - Title Track,Shashwat Sachdev
2026-03-20,17,For A Reason,Karan Aujla
2026-03-20,18,Pavazha Malli,Sai Abhyankkar
2026-03-20,19,Bairi,Virat
2026-03-20,20,Boyfriend,Karan Aujla
2026-03-20,21,Ishqa Ve,Zeeshan Ali
2026-03-20,22,Ishq,Faheem Abdullah
2026-03-20,23,Mann Mera,Gajendra Verma
2026-03-20,24,Saiyaara,Tanishk Bagchi
2026-03-20,25,Deewaana Deewaana,A.R. Rahman
2026-03-20,26,Tere Liye,Atif Aslam
2026-03-20,27,Raanjhan,Sachet-Parampara
2026-03-20,28,Hooligan,BTS
2026-03-20,29,Darkhaast,Mithoon
2026-03-20,30,Naal Nachna,Shashwat Sachdev
2026-03-20,31,Agar Tum Saath Ho,Alka Yagnik
2026-03-20,32,Jo Tum Mere Ho,Anuv Jain
2026-03-20,33,Aaya Sher,Anirudh Ravichander
2026-03-20,34,Lutt Le Gaya,Shashwat Sachdev
2026-03-20,35,Tere Bina,A.R. Rahman
2026-03-20,36,Jogi,thiarajxtt
2026-03-20,37,Haseen,Talwiinder
2026-03-20,38,Ishq Jalakar - Karvaan,Shashwat Sachdev
2026-03-20,39,KALYANI,ARJN
2026-03-20,40,FYA,BTS
2026-03-20,41,Tum Ho Toh,Vishal Mishra
2026-03-20,42,Ye Tune Kya Kiya,Pritam
2026-03-20,43,Aliens,BTS
2026-03-20,44,Barbaad,The Rish
2026-03-20,45,Mutta Kalakki,G. V. Prakash
2026-03-20,46,Not Guilty,Dhanda Nyoliwala
2026-03-20,47,2.0,BTS
2026-03-20,48,NORMAL,BTS
2026-03-20,49,Ehsaas,Faheem Abdullah
2026-03-20,50,Merry Go Round,BTS
2026-03-21,1,Bairan,Banjaare
2026-03-21,2,Sheesha - Aakhya Mai Aakh Ghali Jo Bairan,Mitta Ror
2026-03-21,3,Gehra Hua,Shashwat Sachdev
2026-03-21,4,Dhurandhar The Revenge - Aari Aari,Shashwat Sachdev
2026-03-21,5,Khat,Navjot Ahuja
2026-03-21,6,Dooron Dooron,Paresh Pahuja
2026-03-21,7,Sahiba,Aditya Rikhari
2026-03-21,8,Sitaare,Arijit Singh
2026-03-21,9,Samjhawan,Jawad Ahmad
2026-03-21,10,Finding Her,Kushagra
2026-03-21,11,Apna Bana Le,Sachin-Jigar
2026-03-21,12,Shararat,Shashwat Sachdev
2026-03-21,13,Dhurandhar - Title Track,Shashwat Sachdev
2026-03-21,14,Arz Kiya Hai | Coke Studio Bharat,Anuv Jain
2026-03-21,15,Pavazha Malli,Sai Abhyankkar
2026-03-21,16,For A Reason,Karan Aujla
2026-03-21,17,Boyfriend,Karan Aujla
2026-03-21,18,Bairi,Virat
2026-03-21,19,Ishq,Faheem Abdullah
2026-03-21,20,Saiyaara,Tanishk Bagchi
2026-03-21,21,Ishqa Ve,Zeeshan Ali
2026-03-21,22,SWIM,BTS
2026-03-21,23,Mann Mera,Gajendra Verma
2026-03-21,24,Raanjhan,Sachet-Parampara
2026-03-21,25,Deewaana Deewaana,A.R. Rahman
2026-03-21,26,Tere Liye,Atif Aslam
2026-03-21,27,Lutt Le Gaya,Shashwat Sachdev
2026-03-21,28,Jaiye Sajana,Shashwat Sachdev
2026-03-21,29,Naal Nachna,Shashwat Sachdev
2026-03-21,30,Ishq Jalakar - Karvaan,Shashwat Sachdev
2026-03-21,31,Agar Tum Saath Ho,Alka Yagnik
2026-03-21,32,Tere Bina,A.R. Rahman
2026-03-21,33,Mutta Kalakki,G. V. Prakash
2026-03-21,34,Jo Tum Mere Ho,Anuv Jain
2026-03-21,35,Haseen,Talwiinder
2026-03-21,36,Aaya Sher,Anirudh Ravichander
2026-03-21,37,Jaan Se Guzarte Hain,Shashwat Sachdev
2026-03-21,38,Tum Ho Toh,Vishal Mishra
2026-03-21,39,Darkhaast,Mithoon
2026-03-21,40,KALYANI,ARJN
2026-03-21,41,Body to Body,BTS
2026-03-21,42,Jogi,thiarajxtt
2026-03-21,43,Barbaad,The Rish
2026-03-21,44,Not Guilty,Dhanda Nyoliwala
2026-03-21,45,Ye Tune Kya Kiya,Pritam
2026-03-21,46,Oorum Blood,Sai Abhyankkar
2026-03-21,47,Mast Magan,Arijit Singh
2026-03-21,48,Zaalima,Arijit Singh
2026-03-21,49,Ehsaas,Faheem Abdullah
2026-03-21,50,Teri Deewani,Kailash Kher
2026-03-22,1,Bairan,Banjaare
2026-03-22,2,Sheesha,Mitta Ror
2026-03-22,3,Gehra Hua,Shashwat Sachdev
2026-03-22,4,Dhurandhar The Revenge - Aari Aari,Shashwat Sachdev
2026-03-22,5,Khat,Navjot Ahuja
2026-03-22,6,Dooron Dooron,Paresh Pahuja
2026-03-22,7,Sahiba,Aditya Rikhari
2026-03-22,8,Sitaare,Arijit Singh
2026-03-22,9,Finding Her,Kushagra
2026-03-22,10,Apna Bana Le,Sachin-Jigar
2026-03-22,11,Samjhawan,Jawad Ahmad
2026-03-22,12,Jaiye Sajana,Shashwat Sachdev
2026-03-22,13,Shararat,Shashwat Sachdev
2026-03-22,14,Arz Kiya Hai | Coke Studio Bharat,Anuv Jain
2026-03-22,15,Dhurandhar - Title Track,Shashwat Sachdev
2026-03-22,16,For A Reason,Karan Aujla
2026-03-22,17,Pavazha Malli,Sai Abhyankkar
2026-03-22,18,Jaan Se Guzarte Hain,Shashwat Sachdev
2026-03-22,19,Bairi,Virat
2026-03-22,20,Saiyaara,Tanishk Bagchi
2026-03-22,21,Boyfriend,Karan Aujla
2026-03-22,22,Ishq,Faheem Abdullah
2026-03-22,23,Raanjhan,Sachet-Parampara
2026-03-22,24,Mann Mera,Gajendra Verma
2026-03-22,25,Ishqa Ve,Zeeshan Ali
2026-03-22,26,SWIM,BTS
2026-03-22,27,Tere Liye,Atif Aslam
2026-03-22,28,Deewaana Deewaana,A.R. Rahman
2026-03-22,29,Tum Ho Toh,Vishal Mishra
2026-03-22,30,Ishq Jalakar - Karvaan,Shashwat Sachdev
2026-03-22,31,Aaya Sher,Anirudh Ravichander
2026-03-22,32,Naal Nachna,Shashwat Sachdev
2026-03-22,33,Lutt Le Gaya,Shashwat Sachdev
2026-03-22,34,Jo Tum Mere Ho,Anuv Jain
2026-03-22,35,Agar Tum Saath Ho,Alka Yagnik
2026-03-22,36,Haseen,Talwiinder
2026-03-22,37,Tere Bina,A.R. Rahman
2026-03-22,38,Darkhaast,Mithoon
2026-03-22,39,Mutta Kalakki,G. V. Prakash
2026-03-22,40,Ye Tune Kya Kiya,Pritam
2026-03-22,41,Barbaad,The Rish
2026-03-22,42,KALYANI,ARJN
2026-03-22,43,Not Guilty,Dhanda Nyoliwala
2026-03-22,44,Body to Body,BTS
2026-03-22,45,Thodi Si Daaru,AP Dhillon
2026-03-22,46,Teri Deewani,Kailash Kher
2026-03-22,47,Run Down The City - Monica,Shashwat Sachdev
2026-03-22,48,Ehsaas,Faheem Abdullah
2026-03-22,49,Jogi,thiarajxtt
2026-03-22,50,Dhun,Mithoon
2026-03-23,1,Bairan,Banjaare
2026-03-23,2,Sheesha - Aakhya Mai Aakh Ghali Jo Bairan,Mitta Ror
2026-03-23,3,Dhurandhar The Revenge - Aari Aari,Shashwat Sachdev
2026-03-23,4,Gehra Hua,Shashwat Sachdev
2026-03-23,5,Jaiye Sajana,Shashwat Sachdev
2026-03-23,6,Khat,Navjot Ahuja
2026-03-23,7,Dooron Dooron,Paresh Pahuja
2026-03-23,8,Sahiba,Aditya Rikhari
2026-03-23,9,Sitaare,Arijit Singh
2026-03-23,10,Jaan Se Guzarte Hain,Shashwat Sachdev
2026-03-23,11,Finding Her,Kushagra
2026-03-23,12,Samjhawan,Jawad Ahmad
2026-03-23,13,Apna Bana Le,Sachin-Jigar
2026-03-23,14,Dhurandhar - Title Track,Shashwat Sachdev
2026-03-23,15,Shararat,Shashwat Sachdev
2026-03-23,16,Arz Kiya Hai | Coke Studio Bharat,Anuv Jain
2026-03-23,17,For A Reason,Karan Aujla
2026-03-23,18,Boyfriend,Karan Aujla
2026-03-23,19,Pavazha Malli,Sai Abhyankkar
2026-03-23,20,Ishq,Faheem Abdullah
2026-03-23,21,Bairi,Virat
2026-03-23,22,Saiyaara,Tanishk Bagchi
2026-03-23,23,Ishqa Ve,Zeeshan Ali
2026-03-23,24,Mann Mera,Gajendra Verma
2026-03-23,25,SWIM,BTS
2026-03-23,26,Raanjhan,Sachet-Parampara
2026-03-23,27,Naal Nachna,Shashwat Sachdev
2026-03-23,28,Tum Ho Toh,Vishal Mishra
2026-03-23,29,Deewaana Deewaana,A.R. Rahman
2026-03-23,30,Tere Liye,Atif Aslam
2026-03-23,31,Lutt Le Gaya,Shashwat Sachdev
2026-03-23,32,Aaya Sher,Anirudh Ravichander
2026-03-23,33,Ishq Jalakar - Karvaan,Shashwat Sachdev
2026-03-23,34,Agar Tum Saath Ho,Alka Yagnik
2026-03-23,35,Tere Bina,A.R. Rahman
2026-03-23,36,Haseen,Talwiinder
2026-03-23,37,Jo Tum Mere Ho,Anuv Jain
2026-03-23,38,Darkhaast,Mithoon
2026-03-23,39,Main Aur Tu,Shashwat Sachdev
2026-03-23,40,Ye Tune Kya Kiya,Pritam
2026-03-23,41,Barbaad,The Rish
2026-03-23,42,Mutta Kalakki,G. V. Prakash
2026-03-23,43,Not Guilty,Dhanda Nyoliwala
2026-03-23,44,Run Down The City - Monica,Shashwat Sachdev
2026-03-23,45,Ehsaas,Faheem Abdullah
2026-03-23,46,Mast Magan,Arijit Singh
2026-03-23,47,Teri Deewani,Kailash Kher
2026-03-23,48,Dealer,Diljit Dosanjh
2026-03-23,49,Body to Body,BTS
2026-03-23,50,Humdard,Arijit Singh
2026-03-24,1,Bairan,Banjaare
2026-03-24,2,Sheesha - Aakhya Mai Aakh Ghali Jo Bairan,Mitta Ror
2026-03-24,3,Jaiye Sajana,Shashwat Sachdev
2026-03-24,4,Gehra Hua,Shashwat Sachdev
2026-03-24,5,Dhurandhar The Revenge - Aari Aari,Shashwat Sachdev
2026-03-24,6,Khat,Navjot Ahuja
2026-03-24,7,Jaan Se Guzarte Hain,Shashwat Sachdev
2026-03-24,8,Sahiba,Aditya Rikhari
2026-03-24,9,Dooron Dooron,Paresh Pahuja
2026-03-24,10,Sitaare,Arijit Singh
2026-03-24,11,Finding Her,Kushagra
2026-03-24,12,Apna Bana Le,Sachin-Jigar
2026-03-24,13,Samjhawan,Jawad Ahmad
2026-03-24,14,Dhurandhar - Title Track,Shashwat Sachdev
2026-03-24,15,Shararat,Shashwat Sachdev
2026-03-24,16,Arz Kiya Hai | Coke Studio Bharat,Anuv Jain
2026-03-24,17,For A Reason,Karan Aujla
2026-03-24,18,Boyfriend,Karan Aujla
2026-03-24,19,Ishq,Faheem Abdullah
2026-03-24,20,Pavazha Malli,Sai Abhyankkar
2026-03-24,21,Ishqa Ve,Zeeshan Ali
2026-03-24,22,Mann Mera,Gajendra Verma
2026-03-24,23,Saiyaara,Tanishk Bagchi
2026-03-24,24,Bairi,Virat
2026-03-24,25,Raanjhan,Sachet-Parampara
2026-03-24,26,Naal Nachna,Shashwat Sachdev
2026-03-24,27,Jogi,thiarajxtt
2026-03-24,28,Deewaana Deewaana,A.R. Rahman
2026-03-24,29,SWIM,BTS
2026-03-24,30,Lutt Le Gaya,Shashwat Sachdev
2026-03-24,31,Tere Liye,Atif Aslam
2026-03-24,32,Tum Ho Toh,Vishal Mishra
2026-03-24,33,Tere Bina,A.R. Rahman
2026-03-24,34,Ishq Jalakar - Karvaan,Shashwat Sachdev
2026-03-24,35,Haseen,Talwiinder
2026-03-24,36,Agar Tum Saath Ho,Alka Yagnik
2026-03-24,37,Aaya Sher,Anirudh Ravichander
2026-03-24,38,Jo Tum Mere Ho,Anuv Jain
2026-03-24,39,Main Aur Tu,Shashwat Sachdev
2026-03-24,40,Darkhaast,Mithoon
2026-03-24,41,Run Down The City - Monica,Shashwat Sachdev
2026-03-24,42,Mutta Kalakki,G. V. Prakash
2026-03-24,43,Barbaad,The Rish
2026-03-24,44,Ye Tune Kya Kiya,Pritam
2026-03-24,45,Phir Se,Shashwat Sachdev
2026-03-24,46,Not Guilty,Dhanda Nyoliwala
2026-03-24,47,Ehsaas,Faheem Abdullah
2026-03-24,48,Mast Magan,Arijit Singh
2026-03-24,49,Thodi Si Daaru,AP Dhillon
2026-03-24,50,Dhun,Mithoon
2026-03-25,1,Bairan,Banjaare
2026-03-25,2,Jaiye Sajana,Shashwat Sachdev
2026-03-25,3,Sheesha - Aakhya Mai Aakh Ghali Jo Bairan,Mitta Ror
2026-03-25,4,Gehra Hua,Shashwat Sachdev
2026-03-25,5,Dhurandhar The Revenge - Aari Aari,Shashwat Sachdev
2026-03-25,6,Khat,Navjot Ahuja
2026-03-25,7,Jaan Se Guzarte Hain,Shashwat Sachdev
2026-03-25,8,Dooron Dooron,Paresh Pahuja
2026-03-25,9,Sitaare,Arijit Singh
2026-03-25,10,Sahiba,Aditya Rikhari
2026-03-25,11,Finding Her,Kushagra
2026-03-25,12,Apna Bana Le,Sachin-Jigar
2026-03-25,13,Shararat,Shashwat Sachdev
2026-03-25,14,Samjhawan,Jawad Ahmad
2026-03-25,15,Dhurandhar - Title Track,Shashwat Sachdev
2026-03-25,16,Arz Kiya Hai | Coke Studio Bharat,Anuv Jain
2026-03-25,17,Ishqa Ve,Zeeshan Ali
2026-03-25,18,For A Reason,Karan Aujla
2026-03-25,19,Boyfriend,Karan Aujla
2026-03-25,20,Pavazha Malli,Sai Abhyankkar
2026-03-25,21,Mann Mera,Gajendra Verma
2026-03-25,22,Bairi,Virat
2026-03-25,23,Ishq,Faheem Abdullah
2026-03-25,24,Saiyaara,Tanishk Bagchi
2026-03-25,25,Naal Nachna,Shashwat Sachdev
2026-03-25,26,SWIM,BTS
2026-03-25,27,Raanjhan,Sachet-Parampara
2026-03-25,28,Phir Se,Shashwat Sachdev
2026-03-25,29,Main Aur Tu,Shashwat Sachdev
2026-03-25,30,Deewaana Deewaana,A.R. Rahman
2026-03-25,31,Lutt Le Gaya,Shashwat Sachdev
2026-03-25,32,Tum Ho Toh,Vishal Mishra
2026-03-25,33,Darkhaast,Mithoon
2026-03-25,34,Tere Liye,Atif Aslam
2026-03-25,35,Ishq Jalakar - Karvaan,Shashwat Sachdev
2026-03-25,36,Aaya Sher,Anirudh Ravichander
2026-03-25,37,Jo Tum Mere Ho,Anuv Jain
2026-03-25,38,Run Down The City - Monica,Shashwat Sachdev
2026-03-25,39,Jogi,thiarajxtt
2026-03-25,40,Haseen,Talwiinder
2026-03-25,41,Agar Tum Saath Ho,Alka Yagnik
2026-03-25,42,Tere Bina,A.R. Rahman
2026-03-25,43,Barbaad,The Rish
2026-03-25,44,Not Guilty,Dhanda Nyoliwala
2026-03-25,45,Mutta Kalakki,G. V. Prakash
2026-03-25,46,Ehsaas,Faheem Abdullah
2026-03-25,47,Ye Tune Kya Kiya,Pritam
2026-03-25,48,Thodi Si Daaru,AP Dhillon
2026-03-25,49,Teri Deewani,Kailash Kher
2026-03-25,50,Mast Magan,Arijit Singh
2026-03-26,1,Bairan,Banjaare
2026-03-26,2,Jaiye Sajana,Shashwat Sachdev
2026-03-26,3,Sheesha - Aakhya Mai Aakh Ghali Jo Bairan,Mitta Ror
2026-03-26,4,Gehra Hua,Shashwat Sachdev
2026-03-26,5,Dhurandhar The Revenge - Aari Aari,Shashwat Sachdev
2026-03-26,6,Jaan Se Guzarte Hain,Shashwat Sachdev
2026-03-26,7,Khat,Navjot Ahuja
2026-03-26,8,Dooron Dooron,Paresh Pahuja
2026-03-26,9,Sitaare,Arijit Singh
2026-03-26,10,Sahiba,Aditya Rikhari
2026-03-26,11,Apna Bana Le,Sachin-Jigar
2026-03-26,12,Samjhawan,Jawad Ahmad
2026-03-26,13,Finding Her,Kushagra
2026-03-26,14,Shararat,Shashwat Sachdev
2026-03-26,15,Dhurandhar - Title Track,Shashwat Sachdev
2026-03-26,16,Arz Kiya Hai | Coke Studio Bharat,Anuv Jain
2026-03-26,17,Pavazha Malli,Sai Abhyankkar
2026-03-26,18,Ishq,Faheem Abdullah
2026-03-26,19,Mann Mera,Gajendra Verma
2026-03-26,20,For A Reason,Karan Aujla
2026-03-26,21,Boyfriend,Karan Aujla
2026-03-26,22,Phir Se,Shashwat Sachdev
2026-03-26,23,Bairi,Virat
2026-03-26,24,Saiyaara,Tanishk Bagchi
2026-03-26,25,Ishqa Ve,Zeeshan Ali
2026-03-26,26,Naal Nachna,Shashwat Sachdev
2026-03-26,27,Main Aur Tu,Jasmine Sandlas
2026-03-26,28,Raanjhan,Sachet-Parampara
2026-03-26,29,Deewaana Deewaana,A.R. Rahman
2026-03-26,30,Tere Liye,Atif Aslam
2026-03-26,31,Lutt Le Gaya,Shashwat Sachdev
2026-03-26,32,SWIM,BTS
2026-03-26,33,Jogi,thiarajxtt
2026-03-26,34,Ishq Jalakar - Karvaan,Shashwat Sachdev
2026-03-26,35,Aaya Sher,Anirudh Ravichander
2026-03-26,36,Tum Ho Toh,Vishal Mishra
2026-03-26,37,Tere Bina,A.R. Rahman
2026-03-26,38,Jo Tum Mere Ho,Anuv Jain
2026-03-26,39,Agar Tum Saath Ho,Alka Yagnik
2026-03-26,40,Run Down The City - Monica,Shashwat Sachdev
2026-03-26,41,Darkhaast,Mithoon
2026-03-26,42,Haseen,Talwiinder
2026-03-26,43,Mutta Kalakki,G. V. Prakash
2026-03-26,44,Barbaad,The Rish
2026-03-26,45,Ye Tune Kya Kiya,Pritam
2026-03-26,46,Not Guilty,Dhanda Nyoliwala
2026-03-26,47,Ehsaas,Faheem Abdullah
2026-03-26,48,Aakhri Ishq,Shashwat Sachdev
2026-03-26,49,Teri Deewani,Kailash Kher
2026-03-26,50,Hum Pyaar Karne Wale,Shashwat Sachdev
2026-03-27,1,Bairan,Banjaare
2026-03-27,2,Jaiye Sajana,Shashwat Sachdev
2026-03-27,3,Sheesha - Aakhya Mai Aakh Ghali Jo Bairan,Mitta Ror
2026-03-27,4,Gehra Hua,Shashwat Sachdev
2026-03-27,5,Dhurandhar The Revenge - Aari Aari,Shashwat Sachdev
2026-03-27,6,Jaan Se Guzarte Hain,Shashwat Sachdev
2026-03-27,7,Khat,Navjot Ahuja
2026-03-27,8,Sitaare,Arijit Singh
2026-03-27,9,Dooron Dooron,Paresh Pahuja
2026-03-27,10,Sahiba,Aditya Rikhari
2026-03-27,11,Apna Bana Le,Sachin-Jigar
2026-03-27,12,Shararat,Shashwat Sachdev
2026-03-27,13,Samjhawan,Jawad Ahmad
2026-03-27,14,Finding Her,Kushagra
2026-03-27,15,Dhurandhar - Title Track,Shashwat Sachdev
2026-03-27,16,Arz Kiya Hai | Coke Studio Bharat,Anuv Jain
2026-03-27,17,Pavazha Malli,Sai Abhyankkar
2026-03-27,18,Boyfriend,Karan Aujla
2026-03-27,19,Ishq,Faheem Abdullah
2026-03-27,20,For A Reason,Karan Aujla
2026-03-27,21,Naal Nachna,Shashwat Sachdev
2026-03-27,22,Bairi,Virat
2026-03-27,23,Mann Mera,Gajendra Verma
2026-03-27,24,Saiyaara,Tanishk Bagchi
2026-03-27,25,Ishqa Ve,Zeeshan Ali
2026-03-27,26,Tere Liye,Atif Aslam
2026-03-27,27,Deewaana Deewaana,A.R. Rahman
2026-03-27,28,Phir Se,Shashwat Sachdev
2026-03-27,29,Raanjhan,Sachet-Parampara
2026-03-27,30,Lutt Le Gaya,Shashwat Sachdev
2026-03-27,31,Main Aur Tu,Shashwat Sachdev
2026-03-27,32,Darkhaast,Mithoon
2026-03-27,33,Run Down The City - Monica,Shashwat Sachdev
2026-03-27,34,Tere Bina,A.R. Rahman
2026-03-27,35,Tum Ho Toh,Vishal Mishra
2026-03-27,36,Ishq Jalakar - Karvaan,Shashwat Sachdev
2026-03-27,37,Jogi,thiarajxtt
2026-03-27,38,Agar Tum Saath Ho,Alka Yagnik
2026-03-27,39,SWIM,BTS
2026-03-27,40,Aaya Sher,Anirudh Ravichander
2026-03-27,41,Jo Tum Mere Ho,Anuv Jain
2026-03-27,42,Mutta Kalakki,G. V. Prakash
2026-03-27,43,Ye Tune Kya Kiya,Pritam
2026-03-27,44,Haseen,Talwiinder
2026-03-27,45,Not Guilty,Dhanda Nyoliwala
2026-03-27,46,Ehsaas,Faheem Abdullah
2026-03-27,47,Barbaad,The Rish
2026-03-27,48,Hum Pyaar Karne Wale,Shashwat Sachdev
2026-03-27,49,Mast Magan,Arijit Singh
2026-03-27,50,Teri Deewani,Kailash Kher
2026-03-28,1,Bairan,Banjaare
2026-03-28,2,Jaiye Sajana,Shashwat Sachdev
2026-03-28,3,Gehra Hua,Shashwat Sachdev
2026-03-28,4,Sheesha - Aakhya Mai Aakh Ghali Jo Bairan,Mitta Ror
2026-03-28,5,Dhurandhar The Revenge - Aari Aari,Shashwat Sachdev
2026-03-28,6,Khat,Navjot Ahuja
2026-03-28,7,Jaan Se Guzarte Hain,Shashwat Sachdev
2026-03-28,8,Sitaare,Arijit Singh
2026-03-28,9,Dooron Dooron,Paresh Pahuja
2026-03-28,10,Sahiba,Aditya Rikhari
2026-03-28,11,Shararat,Shashwat Sachdev
2026-03-28,12,Finding Her,Kushagra
2026-03-28,13,Apna Bana Le,Sachin-Jigar
2026-03-28,14,Samjhawan,Jawad Ahmad
2026-03-28,15,Dhurandhar - Title Track,Shashwat Sachdev
2026-03-28,16,Pavazha Malli,Sai Abhyankkar
2026-03-28,17,Ishq,Faheem Abdullah
2026-03-28,18,Arz Kiya Hai | Coke Studio Bharat,Anuv Jain
2026-03-28,19,For A Reason,Karan Aujla
2026-03-28,20,Boyfriend,Karan Aujla
2026-03-28,21,Mann Mera,Gajendra Verma
2026-03-28,22,Naal Nachna,Shashwat Sachdev
2026-03-28,23,Bairi,Virat
2026-03-28,24,Saiyaara,Tanishk Bagchi
2026-03-28,25,Phir Se,Shashwat Sachdev
2026-03-28,26,Ishqa Ve,Zeeshan Ali
2026-03-28,27,Tere Liye,Atif Aslam
2026-03-28,28,Deewaana Deewaana,A.R. Rahman
2026-03-28,29,Lutt Le Gaya,Shashwat Sachdev
2026-03-28,30,Main Aur Tu,Shashwat Sachdev
2026-03-28,31,Raanjhan,Sachet-Parampara
2026-03-28,32,Ishq Jalakar - Karvaan,Shashwat Sachdev
2026-03-28,33,Run Down The City - Monica,Shashwat Sachdev
2026-03-28,34,Tum Ho Toh,Vishal Mishra
2026-03-28,35,Darkhaast,Mithoon
2026-03-28,36,Agar Tum Saath Ho,Alka Yagnik
2026-03-28,37,Tere Bina,A.R. Rahman
2026-03-28,38,Jo Tum Mere Ho,Anuv Jain
2026-03-28,39,Aaya Sher,Anirudh Ravichander
2026-03-28,40,Mutta Kalakki,G. V. Prakash
2026-03-28,41,Ye Tune Kya Kiya,Pritam
2026-03-28,42,Haseen,Talwiinder
2026-03-28,43,SWIM,BTS
2026-03-28,44,Not Guilty,Dhanda Nyoliwala
2026-03-28,45,Ehsaas,Faheem Abdullah
2026-03-28,46,Jogi,thiarajxtt
2026-03-28,47,Barbaad,The Rish
2026-03-28,48,Mann Mera - Original Version,Gajendra Verma
2026-03-28,49,Hum Pyaar Karne Wale,Shashwat Sachdev
2026-03-28,50,Teri Deewani,Kailash Kher
2026-03-29,1,Bairan,Banjaare
2026-03-29,2,Jaiye Sajana,Shashwat Sachdev
2026-03-29,3,Gehra Hua,Shashwat Sachdev
2026-03-29,4,Sheesha - Aakhya Mai Aakh Ghali Jo Bairan,Mitta Ror
2026-03-29,5,Dhurandhar The Revenge - Aari Aari,Shashwat Sachdev
2026-03-29,6,Khat,Navjot Ahuja
2026-03-29,7,Jaan Se Guzarte Hain,Shashwat Sachdev
2026-03-29,8,Sitaare,Arijit Singh
2026-03-29,9,Dooron Dooron,Paresh Pahuja
2026-03-29,10,Sahiba,Aditya Rikhari
2026-03-29,11,Samjhawan,Jawad Ahmad
2026-03-29,12,Shararat,Shashwat Sachdev
2026-03-29,13,Apna Bana Le,Sachin-Jigar
2026-03-29,14,Finding Her,Kushagra
2026-03-29,15,Dhurandhar - Title Track,Shashwat Sachdev
2026-03-29,16,Arz Kiya Hai | Coke Studio Bharat,Anuv Jain
2026-03-29,17,For A Reason,Karan Aujla
2026-03-29,18,Pavazha Malli,Sai Abhyankkar
2026-03-29,19,Ishq,Faheem Abdullah
2026-03-29,20,Boyfriend,Karan Aujla
2026-03-29,21,Mann Mera,Gajendra Verma
2026-03-29,22,Bairi,Virat
2026-03-29,23,Ishqa Ve,Zeeshan Ali
2026-03-29,24,Naal Nachna,Shashwat Sachdev
2026-03-29,25,Phir Se,Shashwat Sachdev
2026-03-29,26,Saiyaara,Tanishk Bagchi
2026-03-29,27,Deewaana Deewaana,A.R. Rahman
2026-03-29,28,Tere Liye,Atif Aslam
2026-03-29,29,Lutt Le Gaya,Shashwat Sachdev
2026-03-29,30,Raanjhan,Sachet-Parampara
2026-03-29,31,Tum Ho Toh,Vishal Mishra
2026-03-29,32,Main Aur Tu,Shashwat Sachdev
2026-03-29,33,Ishq Jalakar - Karvaan,Shashwat Sachdev
2026-03-29,34,Darkhaast,Mithoon
2026-03-29,35,Jo Tum Mere Ho,Anuv Jain
2026-03-29,36,Tere Bina,A.R. Rahman
2026-03-29,37,Run Down The City - Monica,Shashwat Sachdev
2026-03-29,38,Haseen,Talwiinder
2026-03-29,39,Agar Tum Saath Ho,Alka Yagnik
2026-03-29,40,Ye Tune Kya Kiya,Pritam
2026-03-29,41,Aaya Sher,Anirudh Ravichander
2026-03-29,42,Mutta Kalakki,G. V. Prakash
2026-03-29,43,SWIM,BTS
2026-03-29,44,Barbaad,The Rish
2026-03-29,45,Not Guilty,Dhanda Nyoliwala
2026-03-29,46,Jogi,thiarajxtt
2026-03-29,47,Mann Mera - Original Version,Gajendra Verma
2026-03-29,48,Ehsaas,Faheem Abdullah
2026-03-29,49,Teri Deewani,Kailash Kher
2026-03-29,50,Dealer,Diljit Dosanjh
2026-03-30,1,Bairan,Banjaare
2026-03-30,2,Jaiye Sajana,Shashwat Sachdev
2026-03-30,3,Gehra Hua,Shashwat Sachdev
2026-03-30,4,Sheesha - Aakhya Mai Aakh Ghali Jo Bairan,Mitta Ror
2026-03-30,5,Dhurandhar The Revenge - Aari Aari,Shashwat Sachdev
2026-03-30,6,Khat,Navjot Ahuja
2026-03-30,7,Jaan Se Guzarte Hain,Shashwat Sachdev
2026-03-30,8,Sitaare,Arijit Singh
2026-03-30,9,Dooron Dooron,Paresh Pahuja
2026-03-30,10,Sahiba,Aditya Rikhari
2026-03-30,11,Samjhawan,Jawad Ahmad
2026-03-30,12,Apna Bana Le,Sachin-Jigar
2026-03-30,13,Shararat,Shashwat Sachdev
2026-03-30,14,Finding Her,Kushagra
2026-03-30,15,Arz Kiya Hai | Coke Studio Bharat,Anuv Jain
2026-03-30,16,Dhurandhar - Title Track,Shashwat Sachdev
2026-03-30,17,For A Reason,Karan Aujla
2026-03-30,18,Pavazha Malli,Sai Abhyankkar
2026-03-30,19,Boyfriend,Karan Aujla
2026-03-30,20,Ishq,Faheem Abdullah
2026-03-30,21,Mann Mera,Gajendra Verma
2026-03-30,22,Phir Se,Shashwat Sachdev
2026-03-30,23,Bairi,Virat
2026-03-30,24,Naal Nachna,Shashwat Sachdev
2026-03-30,25,Ishqa Ve,Zeeshan Ali
2026-03-30,26,Saiyaara,Tanishk Bagchi
2026-03-30,27,Tere Liye,Atif Aslam
2026-03-30,28,Deewaana Deewaana,A.R. Rahman
2026-03-30,29,Darkhaast,Mithoon
2026-03-30,30,Tum Ho Toh,Vishal Mishra
2026-03-30,31,Main Aur Tu,Shashwat Sachdev
2026-03-30,32,Lutt Le Gaya,Shashwat Sachdev
2026-03-30,33,Tere Bina,A.R. Rahman
2026-03-30,34,Jo Tum Mere Ho,Anuv Jain
2026-03-30,35,Raanjhan,Sachet-Parampara
2026-03-30,36,Run Down The City - Monica,Shashwat Sachdev
2026-03-30,37,Haseen,Talwiinder
2026-03-30,38,Agar Tum Saath Ho,Alka Yagnik
2026-03-30,39,Ishq Jalakar - Karvaan,Shashwat Sachdev
2026-03-30,40,Ye Tune Kya Kiya,Pritam
2026-03-30,41,Vaari Jaavan,Shashwat Sachdev
2026-03-30,42,Barbaad,The Rish
2026-03-30,43,Not Guilty,Dhanda Nyoliwala
2026-03-30,44,Jogi,thiarajxtt
2026-03-30,45,Aaya Sher,Anirudh Ravichander
2026-03-30,46,Mutta Kalakki,G. V. Prakash
2026-03-30,47,Hum Pyaar Karne Wale,Shashwat Sachdev
2026-03-30,48,Ehsaas,Faheem Abdullah
2026-03-30,49,Teri Deewani,Kailash Kher
2026-03-30,50,SWIM,BTS
2026-03-31,1,Bairan,Banjaare
2026-03-31,2,Jaiye Sajana,Shashwat Sachdev
2026-03-31,3,Gehra Hua,Shashwat Sachdev
2026-03-31,4,Sheesha - Aakhya Mai Aakh Ghali Jo Bairan,Mitta Ror
2026-03-31,5,Khat,Navjot Ahuja
2026-03-31,6,Dhurandhar The Revenge - Aari Aari,Shashwat Sachdev
2026-03-31,7,Jaan Se Guzarte Hain,Shashwat Sachdev
2026-03-31,8,Sitaare,Arijit Singh
2026-03-31,9,Dooron Dooron,Paresh Pahuja
2026-03-31,10,Samjhawan,Jawad Ahmad
2026-03-31,11,Sahiba,Aditya Rikhari
2026-03-31,12,Apna Bana Le,Sachin-Jigar
2026-03-31,13,Shararat,Shashwat Sachdev
2026-03-31,14,Finding Her,Kushagra
2026-03-31,15,Arz Kiya Hai | Coke Studio Bharat,Anuv Jain
2026-03-31,16,Pavazha Malli,Sai Abhyankkar
2026-03-31,17,Dhurandhar - Title Track,Shashwat Sachdev
2026-03-31,18,For A Reason,Karan Aujla
2026-03-31,19,Boyfriend,Karan Aujla
2026-03-31,20,Ishq,Faheem Abdullah
2026-03-31,21,Phir Se,Shashwat Sachdev
2026-03-31,22,Mann Mera,Gajendra Verma
2026-03-31,23,Ishqa Ve,Zeeshan Ali
2026-03-31,24,Bairi,Virat
2026-03-31,25,Saiyaara,Tanishk Bagchi
2026-03-31,26,Naal Nachna,Shashwat Sachdev
2026-03-31,27,Deewaana Deewaana,A.R. Rahman
2026-03-31,28,Tere Liye,Atif Aslam
2026-03-31,29,Tum Ho Toh,Vishal Mishra
2026-03-31,30,Tere Bina,A.R. Rahman
2026-03-31,31,Darkhaast,Mithoon
2026-03-31,32,Lutt Le Gaya,Shashwat Sachdev
2026-03-31,33,Run Down The City - Monica,Shashwat Sachdev
2026-03-31,34,Main Aur Tu,Shashwat Sachdev
2026-03-31,35,Raanjhan,Sachet-Parampara
2026-03-31,36,Agar Tum Saath Ho,Alka Yagnik
2026-03-31,37,Jo Tum Mere Ho,Anuv Jain
2026-03-31,38,Ishq Jalakar - Karvaan,Shashwat Sachdev
2026-03-31,39,Haseen,Talwiinder
2026-03-31,40,Ye Tune Kya Kiya,Pritam
2026-03-31,41,Barbaad,The Rish
2026-03-31,42,Mutta Kalakki,G. V. Prakash
2026-03-31,43,Vaari Jaavan,Shashwat Sachdev
2026-03-31,44,Jogi,thiarajxtt
2026-03-31,45,Aaya Sher,Anirudh Ravichander
2026-03-31,46,Ehsaas,Faheem Abdullah
2026-03-31,47,SWIM,BTS
2026-03-31,48,Hum Pyaar Karne Wale,Shashwat Sachdev
2026-03-31,49,Teri Deewani,Kailash Kher
2026-03-31,50,Mast Magan,Arijit Singh
2026-04-01,1,Bairan,Banjaare
2026-04-01,2,Jaiye Sajana,Shashwat Sachdev
2026-04-01,3,Sheesha - Aakhya Mai Aakh Ghali Jo Bairan,Mitta Ror
2026-04-01,4,Gehra Hua,Shashwat Sachdev
2026-04-01,5,Khat,Navjot Ahuja
2026-04-01,6,Dhurandhar The Revenge - Aari Aari,Shashwat Sachdev
2026-04-01,7,Jaan Se Guzarte Hain,Shashwat Sachdev
2026-04-01,8,Dooron Dooron,Paresh Pahuja
2026-04-01,9,Sitaare,Arijit Singh
2026-04-01,10,Sahiba,Aditya Rikhari
2026-04-01,11,Apna Bana Le,Sachin-Jigar
2026-04-01,12,Pavazha Malli,Sai Abhyankkar
2026-04-01,13,Samjhawan,Jawad Ahmad
2026-04-01,14,Finding Her,Kushagra
2026-04-01,15,Shararat,Shashwat Sachdev
2026-04-01,16,Arz Kiya Hai | Coke Studio Bharat,Anuv Jain
2026-04-01,17,Dhurandhar - Title Track,Shashwat Sachdev
2026-04-01,18,Boyfriend,Karan Aujla
2026-04-01,19,Ishq,Faheem Abdullah
2026-04-01,20,Phir Se,Shashwat Sachdev
2026-04-01,21,Mann Mera,Gajendra Verma
2026-04-01,22,Bairi,Virat
2026-04-01,23,Naal Nachna,Shashwat Sachdev
2026-04-01,24,Saiyaara,Tanishk Bagchi
2026-04-01,25,For A Reason,Karan Aujla
2026-04-01,26,Run Down The City - Monica,Shashwat Sachdev
2026-04-01,27,Darkhaast,Mithoon
2026-04-01,28,Ishqa Ve,Zeeshan Ali
2026-04-01,29,Tum Ho Toh,Vishal Mishra
2026-04-01,30,Deewaana Deewaana,A.R. Rahman
2026-04-01,31,Tere Liye,Atif Aslam
2026-04-01,32,Lutt Le Gaya,Shashwat Sachdev
2026-04-01,33,Raanjhan,Sachet-Parampara
2026-04-01,34,Main Aur Tu,Shashwat Sachdev
2026-04-01,35,Haseen,Talwiinder
2026-04-01,36,Jo Tum Mere Ho,Anuv Jain
2026-04-01,37,Agar Tum Saath Ho,Alka Yagnik
2026-04-01,38,Tere Bina,A.R. Rahman
2026-04-01,39,Barbaad,The Rish
2026-04-01,40,Ishq Jalakar - Karvaan,Shashwat Sachdev
2026-04-01,41,Ye Tune Kya Kiya,Pritam
2026-04-01,42,Aaya Sher,Anirudh Ravichander
2026-04-01,43,Teri Deewani,Kailash Kher
2026-04-01,44,Mast Magan,Arijit Singh
2026-04-01,45,Vaari Jaavan,Shashwat Sachdev
2026-04-01,46,Ehsaas,Faheem Abdullah
2026-04-01,47,Mann Mera - Original Version,Gajendra Verma
2026-04-01,48,Hum Pyaar Karne Wale,Shashwat Sachdev
2026-04-01,49,Not Guilty,Dhanda Nyoliwala
2026-04-01,50,Jogi,thiarajxtt
2026-04-02,1,Bairan,Banjaare
2026-04-02,2,Jaiye Sajana,Shashwat Sachdev
2026-04-02,3,Sheesha - Aakhya Mai Aakh Ghali Jo Bairan,Mitta Ror
2026-04-02,4,Gehra Hua,Shashwat Sachdev
2026-04-02,5,Khat,Navjot Ahuja
2026-04-02,6,Dhurandhar The Revenge - Aari Aari,Shashwat Sachdev
2026-04-02,7,Jaan Se Guzarte Hain,Shashwat Sachdev
2026-04-02,8,Sitaare,Arijit Singh
2026-04-02,9,Dooron Dooron,Paresh Pahuja
2026-04-02,10,Sahiba,Aditya Rikhari
2026-04-02,11,Pavazha Malli,Sai Abhyankkar
2026-04-02,12,Apna Bana Le,Sachin-Jigar
2026-04-02,13,Shree Hanuman Chalisa,Hariharan
2026-04-02,14,Samjhawan,Jawad Ahmad
2026-04-02,15,Finding Her,Kushagra
2026-04-02,16,Shararat,Shashwat Sachdev
2026-04-02,17,Arz Kiya Hai | Coke Studio Bharat,Anuv Jain
2026-04-02,18,Dhurandhar - Title Track,Shashwat Sachdev
2026-04-02,19,Ishq,Faheem Abdullah
2026-04-02,20,Boyfriend,Karan Aujla
2026-04-02,21,Phir Se,Shashwat Sachdev
2026-04-02,22,Mann Mera,Gajendra Verma
2026-04-02,23,Saiyaara,Tanishk Bagchi
2026-04-02,24,Ishqa Ve,Zeeshan Ali
2026-04-02,25,Bairi,Virat
2026-04-02,26,For A Reason,Karan Aujla
2026-04-02,27,Naal Nachna,Shashwat Sachdev
2026-04-02,28,Deewaana Deewaana,A.R. Rahman
2026-04-02,29,Run Down The City - Monica,Shashwat Sachdev
2026-04-02,30,Darkhaast,Mithoon
2026-04-02,31,Tum Ho Toh,Vishal Mishra
2026-04-02,32,Tere Liye,Atif Aslam
2026-04-02,33,Raanjhan,Sachet-Parampara
2026-04-02,34,Tere Bina,A.R. Rahman
2026-04-02,35,Lutt Le Gaya,Shashwat Sachdev
2026-04-02,36,Agar Tum Saath Ho,Alka Yagnik
2026-04-02,37,Jo Tum Mere Ho,Anuv Jain
2026-04-02,38,Haseen,Talwiinder
2026-04-02,39,Barbaad,The Rish
2026-04-02,40,Main Aur Tu,Shashwat Sachdev
2026-04-02,41,Ishq Jalakar - Karvaan,Shashwat Sachdev
2026-04-02,42,Teri Deewani,Kailash Kher
2026-04-02,43,Ye Tune Kya Kiya,Pritam
2026-04-02,44,Mann Mera - Original Version,Gajendra Verma
2026-04-02,45,Aaya Sher,Anirudh Ravichander
2026-04-02,46,Not Guilty,Dhanda Nyoliwala
2026-04-02,47,Mutta Kalakki,G. V. Prakash
2026-04-02,48,Vaari Jaavan,Shashwat Sachdev
2026-04-02,49,Hum Pyaar Karne Wale,Shashwat Sachdev
2026-04-02,50,Ehsaas,Faheem Abdullah
2026-04-03,1,Bairan,Banjaare
2026-04-03,2,Jaiye Sajana,Shashwat Sachdev
2026-04-03,3,Gehra Hua,Shashwat Sachdev
2026-04-03,4,Sheesha - Aakhya Mai Aakh Ghali Jo Bairan,Mitta Ror
2026-04-03,5,Khat,Navjot Ahuja
2026-04-03,6,Dhurandhar The Revenge - Aari Aari,Shashwat Sachdev
2026-04-03,7,Sahiba,Aditya Rikhari
2026-04-03,8,Jaan Se Guzarte Hain,Shashwat Sachdev
2026-04-03,9,Dooron Dooron,Paresh Pahuja
2026-04-03,10,Sitaare,Arijit Singh
2026-04-03,11,Apna Bana Le,Sachin-Jigar
2026-04-03,12,Samjhawan,Jawad Ahmad
2026-04-03,13,Pavazha Malli,Sai Abhyankkar
2026-04-03,14,Finding Her,Kushagra
2026-04-03,15,Shararat,Shashwat Sachdev
2026-04-03,16,Boyfriend,Karan Aujla
2026-04-03,17,Dhurandhar - Title Track,Shashwat Sachdev
2026-04-03,18,Arz Kiya Hai | Coke Studio Bharat,Anuv Jain
2026-04-03,19,Ishq,Faheem Abdullah
2026-04-03,20,Mann Mera,Gajendra Verma
2026-04-03,21,Phir Se,Shashwat Sachdev
2026-04-03,22,For A Reason,Karan Aujla
2026-04-03,23,Saiyaara,Tanishk Bagchi
2026-04-03,24,Naal Nachna,Shashwat Sachdev
2026-04-03,25,Run Down The City - Monica,Shashwat Sachdev
2026-04-03,26,Bairi,Virat
2026-04-03,27,Ishqa Ve,Zeeshan Ali
2026-04-03,28,Tere Liye,Atif Aslam
2026-04-03,29,Deewaana Deewaana,A.R. Rahman
2026-04-03,30,Raanjhan,Sachet-Parampara
2026-04-03,31,Tere Bina,A.R. Rahman
2026-04-03,32,Tum Ho Toh,Vishal Mishra
2026-04-03,33,Darkhaast,Mithoon
2026-04-03,34,Jo Tum Mere Ho,Anuv Jain
2026-04-03,35,Lutt Le Gaya,Shashwat Sachdev
2026-04-03,36,Haseen,Talwiinder
2026-04-03,37,Agar Tum Saath Ho,Alka Yagnik
2026-04-03,38,Mann Mera - Original Version,Gajendra Verma
2026-04-03,39,Ye Tune Kya Kiya,Pritam
2026-04-03,40,Main Aur Tu,Shashwat Sachdev
2026-04-03,41,Mutta Kalakki,G. V. Prakash
2026-04-03,42,Ishq Jalakar - Karvaan,Shashwat Sachdev
2026-04-03,43,Barbaad,The Rish
2026-04-03,44,Aaya Sher,Anirudh Ravichander
2026-04-03,45,Not Guilty,Dhanda Nyoliwala
2026-04-03,46,Teri Deewani,Kailash Kher
2026-04-03,47,Hum Pyaar Karne Wale,Shashwat Sachdev
2026-04-03,48,Ehsaas,Faheem Abdullah
2026-04-03,49,Vaari Jaavan,Shashwat Sachdev
2026-04-03,50,Mast Magan,Arijit Singh
2026-04-04,1,Bairan,Banjaare
2026-04-04,2,Jaiye Sajana,Shashwat Sachdev
2026-04-04,3,Gehra Hua,Shashwat Sachdev
2026-04-04,4,Sheesha - Aakhya Mai Aakh Ghali Jo Bairan,Mitta Ror
2026-04-04,5,Khat,Navjot Ahuja
2026-04-04,6,Dhurandhar The Revenge - Aari Aari,Shashwat Sachdev
2026-04-04,7,Sahiba,Aditya Rikhari
2026-04-04,8,Dooron Dooron,Paresh Pahuja
2026-04-04,9,Jaan Se Guzarte Hain,Shashwat Sachdev
2026-04-04,10,Apna Bana Le,Sachin-Jigar
2026-04-04,11,Samjhawan,Jawad Ahmad
2026-04-04,12,Sitaare,Arijit Singh
2026-04-04,13,Pavazha Malli,Sai Abhyankkar
2026-04-04,14,Finding Her,Kushagra
2026-04-04,15,Shararat,Shashwat Sachdev
2026-04-04,16,Dhurandhar - Title Track,Shashwat Sachdev
2026-04-04,17,Arz Kiya Hai | Coke Studio Bharat,Anuv Jain
2026-04-04,18,Boyfriend,Karan Aujla
2026-04-04,19,Ishq,Faheem Abdullah
2026-04-04,20,Mann Mera,Gajendra Verma
2026-04-04,21,Saiyaara,Tanishk Bagchi
2026-04-04,22,Ishqa Ve,Zeeshan Ali
2026-04-04,23,For A Reason,Karan Aujla
2026-04-04,24,Tere Bina,A.R. Rahman
2026-04-04,25,Naal Nachna,Shashwat Sachdev
2026-04-04,26,Bairi,Virat
2026-04-04,27,Run Down The City - Monica,Shashwat Sachdev
2026-04-04,28,Phir Se,Shashwat Sachdev
2026-04-04,29,Deewaana Deewaana,A.R. Rahman
2026-04-04,30,Tere Liye,Atif Aslam
2026-04-04,31,Raanjhan,Sachet-Parampara
2026-04-04,32,Jo Tum Mere Ho,Anuv Jain
2026-04-04,33,Tum Ho Toh,Vishal Mishra
2026-04-04,34,Haseen,Talwiinder
2026-04-04,35,Darkhaast,Mithoon
2026-04-04,36,Lutt Le Gaya,Shashwat Sachdev
2026-04-04,37,Ye Tune Kya Kiya,Pritam
2026-04-04,38,Mann Mera - Original Version,Gajendra Verma
2026-04-04,39,Agar Tum Saath Ho,Alka Yagnik
2026-04-04,40,Ishq Jalakar - Karvaan,Shashwat Sachdev
2026-04-04,41,Mutta Kalakki,G. V. Prakash
2026-04-04,42,Teri Deewani,Kailash Kher
2026-04-04,43,Barbaad,The Rish
2026-04-04,44,Main Aur Tu,Shashwat Sachdev
2026-04-04,45,Ehsaas,Faheem Abdullah
2026-04-04,46,Aaya Sher,Anirudh Ravichander
2026-04-04,47,Not Guilty,Dhanda Nyoliwala
2026-04-04,48,Mast Magan,Arijit Singh
2026-04-04,49,Thodi Si Daaru,AP Dhillon
2026-04-04,50,Zaalima,Arijit Singh
2026-04-05,1,Bairan,Banjaare
2026-04-05,2,Jaiye Sajana,Shashwat Sachdev
2026-04-05,3,Gehra Hua,Shashwat Sachdev
2026-04-05,4,Sheesha - Aakhya Mai Aakh Ghali Jo Bairan,Mitta Ror
2026-04-05,5,Khat,Navjot Ahuja
2026-04-05,6,Dhurandhar The Revenge - Aari Aari,Shashwat Sachdev
2026-04-05,7,Sahiba,Aditya Rikhari
2026-04-05,8,Dooron Dooron,Paresh Pahuja
2026-04-05,9,Sitaare,Arijit Singh
2026-04-05,10,Apna Bana Le,Sachin-Jigar
2026-04-05,11,Jaan Se Guzarte Hain,Shashwat Sachdev
2026-04-05,12,Pavazha Malli,Sai Abhyankkar
2026-04-05,13,Finding Her,Kushagra
2026-04-05,14,Samjhawan,Jawad Ahmad
2026-04-05,15,Shararat,Shashwat Sachdev
2026-04-05,16,Arz Kiya Hai | Coke Studio Bharat,Anuv Jain
2026-04-05,17,Boyfriend,Karan Aujla
2026-04-05,18,Dhurandhar - Title Track,Shashwat Sachdev
2026-04-05,19,Ishq,Faheem Abdullah
2026-04-05,20,Mann Mera,Gajendra Verma
2026-04-05,21,Saiyaara,Tanishk Bagchi
2026-04-05,22,For A Reason,Karan Aujla
2026-04-05,23,Bairi,Virat
2026-04-05,24,Deewaana Deewaana,A.R. Rahman
2026-04-05,25,Raanjhan,Sachet-Parampara
2026-04-05,26,Naal Nachna,Shashwat Sachdev
2026-04-05,27,Ishqa Ve,Zeeshan Ali
2026-04-05,28,Phir Se,Shashwat Sachdev
2026-04-05,29,Tum Ho Toh,Vishal Mishra
2026-04-05,30,Tere Liye,Atif Aslam
2026-04-05,31,Darkhaast,Mithoon
2026-04-05,32,Run Down The City - Monica,Shashwat Sachdev
2026-04-05,33,Lutt Le Gaya,Shashwat Sachdev
2026-04-05,34,Haseen,Talwiinder
2026-04-05,35,Jo Tum Mere Ho,Anuv Jain
2026-04-05,36,Tere Bina,A.R. Rahman
2026-04-05,37,Agar Tum Saath Ho,Alka Yagnik
2026-04-05,38,Barbaad,The Rish
2026-04-05,39,Mutta Kalakki,G. V. Prakash
2026-04-05,40,Ishq Jalakar - Karvaan,Shashwat Sachdev
2026-04-05,41,Teri Deewani,Kailash Kher
2026-04-05,42,Mann Mera - Original Version,Gajendra Verma
2026-04-05,43,Ye Tune Kya Kiya,Pritam
2026-04-05,44,Ehsaas,Faheem Abdullah
2026-04-05,45,Aaya Sher,Anirudh Ravichander
2026-04-05,46,Main Aur Tu,Shashwat Sachdev
2026-04-05,47,Not Guilty,Dhanda Nyoliwala
2026-04-05,48,Dhun,Mithoon
2026-04-05,49,Zaalima,Arijit Singh
2026-04-05,50,Humdard,Arijit Singh
2026-04-06,1,Bairan,Banjaare
2026-04-06,2,Jaiye Sajana,Shashwat Sachdev
2026-04-06,3,Gehra Hua,Shashwat Sachdev
2026-04-06,4,Sheesha - Aakhya Mai Aakh Ghali Jo Bairan,Mitta Ror
2026-04-06,5,Khat,Navjot Ahuja
2026-04-06,6,Dhurandhar The Revenge - Aari Aari,Shashwat Sachdev
2026-04-06,7,Dooron Dooron,Paresh Pahuja
2026-04-06,8,Sahiba,Aditya Rikhari
2026-04-06,9,Jaan Se Guzarte Hain,Shashwat Sachdev
2026-04-06,10,Sitaare,Arijit Singh
2026-04-06,11,Apna Bana Le,Sachin-Jigar
2026-04-06,12,Samjhawan,Jawad Ahmad
2026-04-06,13,Pavazha Malli,Sai Abhyankkar
2026-04-06,14,Finding Her,Kushagra
2026-04-06,15,Arz Kiya Hai | Coke Studio Bharat,Anuv Jain
2026-04-06,16,Boyfriend,Karan Aujla
2026-04-06,17,Ishq,Faheem Abdullah
2026-04-06,18,Shararat,Shashwat Sachdev
2026-04-06,19,Mann Mera,Gajendra Verma
2026-04-06,20,Dhurandhar - Title Track,Shashwat Sachdev
2026-04-06,21,Saiyaara,Tanishk Bagchi
2026-04-06,22,For A Reason,Karan Aujla
2026-04-06,23,Bairi,Virat
2026-04-06,24,Phir Se,Shashwat Sachdev
2026-04-06,25,Deewaana Deewaana,A.R. Rahman
2026-04-06,26,Raanjhan,Sachet-Parampara
2026-04-06,27,Tere Liye,Atif Aslam
2026-04-06,28,Naal Nachna,Shashwat Sachdev
2026-04-06,29,Tum Ho Toh,Vishal Mishra
2026-04-06,30,Ishqa Ve,Zeeshan Ali
2026-04-06,31,Darkhaast,Mithoon
2026-04-06,32,Run Down The City - Monica,Shashwat Sachdev
2026-04-06,33,Lutt Le Gaya,Shashwat Sachdev
2026-04-06,34,Jo Tum Mere Ho,Anuv Jain
2026-04-06,35,Haseen,Talwiinder
2026-04-06,36,Barbaad,The Rish
2026-04-06,37,Agar Tum Saath Ho,Alka Yagnik
2026-04-06,38,Tere Bina,A.R. Rahman
2026-04-06,39,Teri Deewani,Kailash Kher
2026-04-06,40,Not Guilty,Dhanda Nyoliwala
2026-04-06,41,Ye Tune Kya Kiya,Pritam
2026-04-06,42,Mann Mera - Original Version,Gajendra Verma
2026-04-06,43,Main Aur Tu,Shashwat Sachdev
2026-04-06,44,Ehsaas,Faheem Abdullah
2026-04-06,45,Aaya Sher,Anirudh Ravichander
2026-04-06,46,Mutta Kalakki,G. V. Prakash
2026-04-06,47,Ishq Jalakar - Karvaan,Shashwat Sachdev
2026-04-06,48,Jogi,thiarajxtt
2026-04-06,49,Mast Magan,Arijit Singh
2026-04-06,50,Dhun,Mithoon
2026-04-07,1,Bairan,Banjaare
2026-04-07,2,Jaiye Sajana,Shashwat Sachdev
2026-04-07,3,Gehra Hua,Shashwat Sachdev
2026-04-07,4,Sheesha - Aakhya Mai Aakh Ghali Jo Bairan,Mitta Ror
2026-04-07,5,Khat,Navjot Ahuja
2026-04-07,6,Dhurandhar The Revenge - Aari Aari,Shashwat Sachdev
2026-04-07,7,Sahiba,Aditya Rikhari
2026-04-07,8,Dooron Dooron,Paresh Pahuja
2026-04-07,9,Apna Bana Le,Sachin-Jigar
2026-04-07,10,Sitaare,Arijit Singh
2026-04-07,11,Jaan Se Guzarte Hain,Shashwat Sachdev
2026-04-07,12,Samjhawan,Jawad Ahmad
2026-04-07,13,Finding Her,Kushagra
2026-04-07,14,Pavazha Malli,Sai Abhyankkar
2026-04-07,15,Arz Kiya Hai | Coke Studio Bharat,Anuv Jain
2026-04-07,16,Boyfriend,Karan Aujla
2026-04-07,17,Ishq,Faheem Abdullah
2026-04-07,18,Shararat,Shashwat Sachdev
2026-04-07,19,Dhurandhar - Title Track,Shashwat Sachdev
2026-04-07,20,Saiyaara,Tanishk Bagchi
2026-04-07,21,Mann Mera,Gajendra Verma
2026-04-07,22,Ishqa Ve,Zeeshan Ali
2026-04-07,23,Jogi,thiarajxtt
2026-04-07,24,Raanjhan,Sachet-Parampara
2026-04-07,25,Bairi,Virat
2026-04-07,26,For A Reason,Karan Aujla
2026-04-07,27,Jo Tum Mere Ho,Anuv Jain
2026-04-07,28,Tere Liye,Atif Aslam
2026-04-07,29,Phir Se,Shashwat Sachdev
2026-04-07,30,Naal Nachna,Shashwat Sachdev
2026-04-07,31,Darkhaast,Mithoon
2026-04-07,32,Deewaana Deewaana,A.R. Rahman
2026-04-07,33,Haseen,Talwiinder
2026-04-07,34,Run Down The City - Monica,Shashwat Sachdev
2026-04-07,35,Tum Ho Toh,Vishal Mishra
2026-04-07,36,Lutt Le Gaya,Shashwat Sachdev
2026-04-07,37,Agar Tum Saath Ho,Alka Yagnik
2026-04-07,38,Tere Bina,A.R. Rahman
2026-04-07,39,Barbaad,The Rish
2026-04-07,40,Ye Tune Kya Kiya,Pritam
2026-04-07,41,Teri Deewani,Kailash Kher
2026-04-07,42,Shree Hanuman Chalisa,Hariharan
2026-04-07,43,Zaalima,Arijit Singh
2026-04-07,44,Mann Mera - Original Version,Gajendra Verma
2026-04-07,45,Ishq Jalakar - Karvaan,Shashwat Sachdev
2026-04-07,46,Thodi Si Daaru,AP Dhillon
2026-04-07,47,Mast Magan,Arijit Singh
2026-04-07,48,Mutta Kalakki,G. V. Prakash
2026-04-07,49,Main Aur Tu,Shashwat Sachdev
2026-04-07,50,Aaya Sher,Anirudh Ravichander
2026-04-08,1,Bairan,Banjaare
2026-04-08,2,Jaiye Sajana,Shashwat Sachdev
2026-04-08,3,Gehra Hua,Shashwat Sachdev
2026-04-08,4,Sheesha - Aakhya Mai Aakh Ghali Jo Bairan,Mitta Ror
2026-04-08,5,Khat,Navjot Ahuja
2026-04-08,6,Dhurandhar The Revenge - Aari Aari,Shashwat Sachdev
2026-04-08,7,Dooron Dooron,Paresh Pahuja
2026-04-08,8,Apna Bana Le,Sachin-Jigar
2026-04-08,9,Sahiba,Aditya Rikhari
2026-04-08,10,Sitaare,Arijit Singh
2026-04-08,11,Samjhawan,Jawad Ahmad
2026-04-08,12,Jaan Se Guzarte Hain,Shashwat Sachdev
2026-04-08,13,Finding Her,Kushagra
2026-04-08,14,Boyfriend,Karan Aujla
2026-04-08,15,Pavazha Malli,Sai Abhyankkar
2026-04-08,16,Arz Kiya Hai | Coke Studio Bharat,Anuv Jain
2026-04-08,17,Shararat,Shashwat Sachdev
2026-04-08,18,Ishq,Faheem Abdullah
2026-04-08,19,Mann Mera,Gajendra Verma
2026-04-08,20,Saiyaara,Tanishk Bagchi
2026-04-08,21,Darkhaast,Mithoon
2026-04-08,22,Ishqa Ve,Zeeshan Ali
2026-04-08,23,Tum Ho Toh,Vishal Mishra
2026-04-08,24,Dhurandhar - Title Track,Shashwat Sachdev
2026-04-08,25,Naal Nachna,Shashwat Sachdev
2026-04-08,26,For A Reason,Karan Aujla
2026-04-08,27,Raanjhan,Sachet-Parampara
2026-04-08,28,Deewaana Deewaana,A.R. Rahman
2026-04-08,29,Bairi,Virat
2026-04-08,30,Jo Tum Mere Ho,Anuv Jain
2026-04-08,31,Tere Liye,Atif Aslam
2026-04-08,32,Phir Se,Shashwat Sachdev
2026-04-08,33,Agar Tum Saath Ho,Alka Yagnik
2026-04-08,34,Tere Bina,A.R. Rahman
2026-04-08,35,Run Down The City - Monica,Shashwat Sachdev
2026-04-08,36,Haseen,Talwiinder
2026-04-08,37,Barbaad,The Rish
2026-04-08,38,Lutt Le Gaya,Shashwat Sachdev
2026-04-08,39,Teri Deewani,Kailash Kher
2026-04-08,40,Jogi,thiarajxtt
2026-04-08,41,Ye Tune Kya Kiya,Pritam
2026-04-08,42,Mann Mera - Original Version,Gajendra Verma
2026-04-08,43,Ehsaas,Faheem Abdullah
2026-04-08,44,Dhun,Mithoon
2026-04-08,45,Zaalima,Arijit Singh
2026-04-08,46,Thodi Si Daaru,AP Dhillon
2026-04-08,47,Main Aur Tu,Shashwat Sachdev
2026-04-08,48,Ishq Jalakar - Karvaan,Shashwat Sachdev
2026-04-08,49,Mast Magan,Arijit Singh
2026-04-08,50,Aaya Sher,Anirudh Ravichander
2026-04-09,1,Bairan,Banjaare
2026-04-09,2,Jaiye Sajana,Shashwat Sachdev
2026-04-09,3,Gehra Hua,Shashwat Sachdev
2026-04-09,4,Sheesha - Aakhya Mai Aakh Ghali Jo Bairan,Mitta Ror
2026-04-09,5,Khat,Navjot Ahuja
2026-04-09,6,Dooron Dooron,Paresh Pahuja
2026-04-09,7,Dhurandhar The Revenge - Aari Aari,Shashwat Sachdev
2026-04-09,8,Apna Bana Le,Sachin-Jigar
2026-04-09,9,Samjhawan,Jawad Ahmad
2026-04-09,10,Sahiba,Aditya Rikhari
2026-04-09,11,Jaan Se Guzarte Hain,Shashwat Sachdev
2026-04-09,12,Finding Her,Kushagra
2026-04-09,13,Sitaare,Arijit Singh
2026-04-09,14,Pavazha Malli,Sai Abhyankkar
2026-04-09,15,Arz Kiya Hai | Coke Studio Bharat,Anuv Jain
2026-04-09,16,Boyfriend,Karan Aujla
2026-04-09,17,Mann Mera,Gajendra Verma
2026-04-09,18,Shararat,Shashwat Sachdev
2026-04-09,19,Ishq,Faheem Abdullah
2026-04-09,20,Saiyaara,Tanishk Bagchi
2026-04-09,21,Tere Liye,Atif Aslam
2026-04-09,22,Darkhaast,Mithoon
2026-04-09,23,Ishqa Ve,Zeeshan Ali
2026-04-09,24,For A Reason,Karan Aujla
2026-04-09,25,Dhurandhar - Title Track,Shashwat Sachdev
2026-04-09,26,Naal Nachna,Shashwat Sachdev
2026-04-09,27,Bairi,Virat
2026-04-09,28,Tum Ho Toh,Vishal Mishra
2026-04-09,29,Deewaana Deewaana,A.R. Rahman
2026-04-09,30,Phir Se,Shashwat Sachdev
2026-04-09,31,Raanjhan,Sachet-Parampara
2026-04-09,32,Agar Tum Saath Ho,Alka Yagnik
2026-04-09,33,Tere Bina,A.R. Rahman
2026-04-09,34,Jogi,thiarajxtt
2026-04-09,35,Jo Tum Mere Ho,Anuv Jain
2026-04-09,36,Haseen,Talwiinder
2026-04-09,37,Barbaad,The Rish
2026-04-09,38,Run Down The City - Monica,Shashwat Sachdev
2026-04-09,39,Lutt Le Gaya,Shashwat Sachdev
2026-04-09,40,Teri Deewani,Kailash Kher
2026-04-09,41,Mann Mera - Original Version,Gajendra Verma
2026-04-09,42,Ye Tune Kya Kiya,Pritam
2026-04-09,43,Ehsaas,Faheem Abdullah
2026-04-09,44,Not Guilty,Dhanda Nyoliwala
2026-04-09,45,Mast Magan,Arijit Singh
2026-04-09,46,Thodi Si Daaru,AP Dhillon
2026-04-09,47,High On You,Jind Universe
2026-04-09,48,Main Aur Tu,Shashwat Sachdev
2026-04-09,49,Aaya Sher,Anirudh Ravichander
2026-04-09,50,Ishq Jalakar - Karvaan,Shashwat Sachdev
2026-04-10,1,Bairan,Banjaare
2026-04-10,2,Jaiye Sajana,Shashwat Sachdev
2026-04-10,3,Gehra Hua,Shashwat Sachdev
2026-04-10,4,Sheesha - Aakhya Mai Aakh Ghali Jo Bairan,Mitta Ror
2026-04-10,5,Khat,Navjot Ahuja
2026-04-10,6,Dhurandhar The Revenge - Aari Aari,Shashwat Sachdev
2026-04-10,7,Dooron Dooron,Paresh Pahuja
2026-04-10,8,Apna Bana Le,Sachin-Jigar
2026-04-10,9,Sitaare,Arijit Singh
2026-04-10,10,Sahiba,Aditya Rikhari
2026-04-10,11,Jaan Se Guzarte Hain,Shashwat Sachdev
2026-04-10,12,Samjhawan,Jawad Ahmad
2026-04-10,13,Pavazha Malli,Sai Abhyankkar
2026-04-10,14,Finding Her,Kushagra
2026-04-10,15,Boyfriend,Karan Aujla
2026-04-10,16,Arz Kiya Hai | Coke Studio Bharat,Anuv Jain
2026-04-10,17,Shararat,Shashwat Sachdev
2026-04-10,18,Mann Mera,Gajendra Verma
2026-04-10,19,Ishq,Faheem Abdullah
2026-04-10,20,For A Reason,Karan Aujla
2026-04-10,21,Saiyaara,Tanishk Bagchi
2026-04-10,22,Ishqa Ve,Zeeshan Ali
2026-04-10,23,Naal Nachna,Shashwat Sachdev
2026-04-10,24,Bairi,Virat
2026-04-10,25,Dhurandhar - Title Track,Shashwat Sachdev
2026-04-10,26,Tere Liye,Atif Aslam
2026-04-10,27,Darkhaast,Mithoon
2026-04-10,28,Deewaana Deewaana,A.R. Rahman
2026-04-10,29,Phir Se,Shashwat Sachdev
2026-04-10,30,Tum Ho Toh,Vishal Mishra
2026-04-10,31,Raanjhan,Sachet-Parampara
2026-04-10,32,Agar Tum Saath Ho,Alka Yagnik
2026-04-10,33,Jogi,thiarajxtt
2026-04-10,34,Tere Bina,A.R. Rahman
2026-04-10,35,Jo Tum Mere Ho,Anuv Jain
2026-04-10,36,Lutt Le Gaya,Shashwat Sachdev
2026-04-10,37,Barbaad,The Rish
2026-04-10,38,Teri Deewani,Kailash Kher
2026-04-10,39,Run Down The City - Monica,Shashwat Sachdev
2026-04-10,40,Haseen,Talwiinder
2026-04-10,41,Ye Tune Kya Kiya,Pritam
2026-04-10,42,Zaalima,Arijit Singh
2026-04-10,43,Mast Magan,Arijit Singh
2026-04-10,44,Ehsaas,Faheem Abdullah
2026-04-10,45,Main Aur Tu,Shashwat Sachdev
2026-04-10,46,Not Guilty,Dhanda Nyoliwala
2026-04-10,47,Mann Mera - Original Version,Gajendra Verma
2026-04-10,48,Ishq Jalakar - Karvaan,Shashwat Sachdev
2026-04-10,49,Mutta Kalakki,G. V. Prakash
2026-04-10,50,Jhol - Acoustic,Maanu
2026-04-11,1,Bairan,Banjaare
2026-04-11,2,Jaiye Sajana,Shashwat Sachdev
2026-04-11,3,Gehra Hua,Shashwat Sachdev
2026-04-11,4,Sheesha - Aakhya Mai Aakh Ghali Jo Bairan,Mitta Ror
2026-04-11,5,Khat,Navjot Ahuja
2026-04-11,6,Sahiba,Aditya Rikhari
2026-04-11,7,Dooron Dooron,Paresh Pahuja
2026-04-11,8,Dhurandhar The Revenge - Aari Aari,Shashwat Sachdev
2026-04-11,9,Apna Bana Le,Sachin-Jigar
2026-04-11,10,Sitaare,Arijit Singh
2026-04-11,11,Samjhawan,Jawad Ahmad
2026-04-11,12,Jaan Se Guzarte Hain,Shashwat Sachdev
2026-04-11,13,Boyfriend,Karan Aujla
2026-04-11,14,Pavazha Malli,Sai Abhyankkar
2026-04-11,15,Finding Her,Kushagra
2026-04-11,16,Arz Kiya Hai | Coke Studio Bharat,Anuv Jain
2026-04-11,17,Shararat,Shashwat Sachdev
2026-04-11,18,Ishq,Faheem Abdullah
2026-04-11,19,Mann Mera,Gajendra Verma
2026-04-11,20,Saiyaara,Tanishk Bagchi
2026-04-11,21,For A Reason,Karan Aujla
2026-04-11,22,Dhurandhar - Title Track,Shashwat Sachdev
2026-04-11,23,Ishqa Ve,Zeeshan Ali
2026-04-11,24,Bairi,Virat
2026-04-11,25,Naal Nachna,Shashwat Sachdev
2026-04-11,26,Tere Liye,Atif Aslam
2026-04-11,27,Tum Ho Toh,Vishal Mishra
2026-04-11,28,Jo Tum Mere Ho,Anuv Jain
2026-04-11,29,Raanjhan,Sachet-Parampara
2026-04-11,30,Deewaana Deewaana,A.R. Rahman
2026-04-11,31,Darkhaast,Mithoon
2026-04-11,32,Tere Bina,A.R. Rahman
2026-04-11,33,Agar Tum Saath Ho,Alka Yagnik
2026-04-11,34,Phir Se,Shashwat Sachdev
2026-04-11,35,Lutt Le Gaya,Shashwat Sachdev
2026-04-11,36,Teri Deewani,Kailash Kher
2026-04-11,37,Haseen,Talwiinder
2026-04-11,38,Ye Tune Kya Kiya,Pritam
2026-04-11,39,Barbaad,The Rish
2026-04-11,40,Ehsaas,Faheem Abdullah
2026-04-11,41,Run Down The City - Monica,Shashwat Sachdev
2026-04-11,42,Mast Magan,Arijit Singh
2026-04-11,43,Thodi Si Daaru,AP Dhillon
2026-04-11,44,Ishq Jalakar - Karvaan,Shashwat Sachdev
2026-04-11,45,Mutta Kalakki,G. V. Prakash
2026-04-11,46,Zaalima,Arijit Singh
2026-04-11,47,Not Guilty,Dhanda Nyoliwala
2026-04-11,48,Jogi,thiarajxtt
2026-04-11,49,Mann Mera - Original Version,Gajendra Verma
2026-04-11,50,Humdard,Arijit Singh
2026-04-12,1,Bairan,Banjaare
2026-04-12,2,Gehra Hua,Shashwat Sachdev
2026-04-12,3,Jaiye Sajana,Shashwat Sachdev
2026-04-12,4,Sheesha - Aakhya Mai Aakh Ghali Jo Bairan,Mitta Ror
2026-04-12,5,Khat,Navjot Ahuja
2026-04-12,6,Dooron Dooron,Paresh Pahuja
2026-04-12,7,Sahiba,Aditya Rikhari
2026-04-12,8,Dhurandhar The Revenge - Aari Aari,Shashwat Sachdev
2026-04-12,9,Sitaare,Arijit Singh
2026-04-12,10,Samjhawan,Jawad Ahmad
2026-04-12,11,Apna Bana Le,Sachin-Jigar
2026-04-12,12,Finding Her,Kushagra
2026-04-12,13,Pavazha Malli,Sai Abhyankkar
2026-04-12,14,Shararat,Shashwat Sachdev
2026-04-12,15,Jaan Se Guzarte Hain,Shashwat Sachdev
2026-04-12,16,Boyfriend,Karan Aujla
2026-04-12,17,Arz Kiya Hai | Coke Studio Bharat,Anuv Jain
2026-04-12,18,Mann Mera,Gajendra Verma
2026-04-12,19,Ishq,Faheem Abdullah
2026-04-12,20,Saiyaara,Tanishk Bagchi
2026-04-12,21,Bairi,Virat
2026-04-12,22,For A Reason,Karan Aujla
2026-04-12,23,Darkhaast,Mithoon
2026-04-12,24,Naal Nachna,Shashwat Sachdev
2026-04-12,25,Tum Ho Toh,Vishal Mishra
2026-04-12,26,Dhurandhar - Title Track,Shashwat Sachdev
2026-04-12,27,Ishqa Ve,Zeeshan Ali
2026-04-12,28,Tere Liye,Atif Aslam
2026-04-12,29,Raanjhan,Sachet-Parampara
2026-04-12,30,Deewaana Deewaana,A.R. Rahman
2026-04-12,31,Tere Bina,A.R. Rahman
2026-04-12,32,Jo Tum Mere Ho,Anuv Jain
2026-04-12,33,Agar Tum Saath Ho,Alka Yagnik
2026-04-12,34,Lutt Le Gaya,Shashwat Sachdev
2026-04-12,35,Teri Deewani,Kailash Kher
2026-04-12,36,Phir Se,Shashwat Sachdev
2026-04-12,37,Ehsaas,Faheem Abdullah
2026-04-12,38,Ye Tune Kya Kiya,Pritam
2026-04-12,39,Haseen,Talwiinder
2026-04-12,40,Run Down The City - Monica,Shashwat Sachdev
2026-04-12,41,Barbaad,The Rish
2026-04-12,42,Mutta Kalakki,G. V. Prakash
2026-04-12,43,Mast Magan,Arijit Singh
2026-04-12,44,Zaalima,Arijit Singh
2026-04-12,45,Thodi Si Daaru,AP Dhillon
2026-04-12,46,Ishq Jalakar - Karvaan,Shashwat Sachdev
2026-04-12,47,Humdard,Arijit Singh
2026-04-12,48,Mann Mera - Original Version,Gajendra Verma
2026-04-12,49,Jogi,thiarajxtt
2026-04-12,50,Aaya Sher,Anirudh Ravichander
2026-04-13,1,Bairan,Banjaare
2026-04-13,2,Jaiye Sajana,Shashwat Sachdev
2026-04-13,3,Sheesha - Aakhya Mai Aakh Ghali Jo Bairan,Mitta Ror
2026-04-13,4,Gehra Hua,Shashwat Sachdev
2026-04-13,5,Khat,Navjot Ahuja
2026-04-13,6,Sitaare,Arijit Singh
2026-04-13,7,Dooron Dooron,Paresh Pahuja
2026-04-13,8,Sahiba,Aditya Rikhari
2026-04-13,9,Apna Bana Le,Sachin-Jigar
2026-04-13,10,Dhurandhar The Revenge - Aari Aari,Shashwat Sachdev
2026-04-13,11,Samjhawan,Jawad Ahmad
2026-04-13,12,Pavazha Malli,Sai Abhyankkar
2026-04-13,13,Finding Her,Kushagra
2026-04-13,14,Jaan Se Guzarte Hain,Shashwat Sachdev
2026-04-13,15,Arz Kiya Hai | Coke Studio Bharat,Anuv Jain
2026-04-13,16,Boyfriend,Karan Aujla
2026-04-13,17,Mann Mera,Gajendra Verma
2026-04-13,18,Ishq,Faheem Abdullah
2026-04-13,19,Shararat,Shashwat Sachdev
2026-04-13,20,Saiyaara,Tanishk Bagchi
2026-04-13,21,Darkhaast,Mithoon
2026-04-13,22,For A Reason,Karan Aujla
2026-04-13,23,Bairi,Virat
2026-04-13,24,Naal Nachna,Shashwat Sachdev
2026-04-13,25,Dhurandhar - Title Track,Shashwat Sachdev
2026-04-13,26,Tere Liye,Atif Aslam
2026-04-13,27,Tum Ho Toh,Vishal Mishra
2026-04-13,28,Ishqa Ve,Zeeshan Ali
2026-04-13,29,Deewaana Deewaana,A.R. Rahman
2026-04-13,30,Phir Se,Shashwat Sachdev
2026-04-13,31,Jo Tum Mere Ho,Anuv Jain
2026-04-13,32,Raanjhan,Sachet-Parampara
2026-04-13,33,Agar Tum Saath Ho,Alka Yagnik
2026-04-13,34,Tere Bina,A.R. Rahman
2026-04-13,35,Lutt Le Gaya,Shashwat Sachdev
2026-04-13,36,Ehsaas,Faheem Abdullah
2026-04-13,37,Ye Tune Kya Kiya,Pritam
2026-04-13,38,Barbaad,The Rish
2026-04-13,39,Teri Deewani,Kailash Kher
2026-04-13,40,Haseen,Talwiinder
2026-04-13,41,Run Down The City - Monica,Shashwat Sachdev
2026-04-13,42,Jogi,thiarajxtt
2026-04-13,43,Mast Magan,Arijit Singh
2026-04-13,44,Mann Mera - Original Version,Gajendra Verma
2026-04-13,45,Zaalima,Arijit Singh
2026-04-13,46,Not Guilty,Dhanda Nyoliwala
2026-04-13,47,Mutta Kalakki,G. V. Prakash
2026-04-13,48,Ishq Jalakar - Karvaan,Shashwat Sachdev
2026-04-13,49,Jhol - Acoustic,Maanu
2026-04-13,50,Thodi Si Daaru,AP Dhillon
2026-04-14,1,Bairan,Banjaare
2026-04-14,2,Sheesha - Aakhya Mai Aakh Ghali Jo Bairan,Mitta Ror
2026-04-14,3,Gehra Hua,Shashwat Sachdev
2026-04-14,4,Jaiye Sajana,Shashwat Sachdev
2026-04-14,5,Khat,Navjot Ahuja
2026-04-14,6,Sahiba,Aditya Rikhari
2026-04-14,7,Sitaare,Arijit Singh
2026-04-14,8,Dooron Dooron,Paresh Pahuja
2026-04-14,9,Finding Her,Kushagra
2026-04-14,10,Samjhawan,Jawad Ahmad
2026-04-14,11,Arz Kiya Hai | Coke Studio Bharat,Anuv Jain
2026-04-14,12,Boyfriend,Karan Aujla
2026-04-14,13,Apna Bana Le,Sachin-Jigar
2026-04-14,14,Pavazha Malli,Sai Abhyankkar
2026-04-14,15,Dhurandhar The Revenge - Aari Aari,Shashwat Sachdev
2026-04-14,16,Jaan Se Guzarte Hain,Shashwat Sachdev
2026-04-14,17,Mann Mera,Gajendra Verma
2026-04-14,18,Shararat,Shashwat Sachdev
2026-04-14,19,Ishq,Faheem Abdullah
2026-04-14,20,For A Reason,Karan Aujla
2026-04-14,21,Ishqa Ve,Zeeshan Ali
2026-04-14,22,Saiyaara,Tanishk Bagchi
2026-04-14,23,Bairi,Virat
2026-04-14,24,Naal Nachna,Shashwat Sachdev
2026-04-14,25,Deewaana Deewaana,A.R. Rahman
2026-04-14,26,Tum Ho Toh,Vishal Mishra
2026-04-14,27,Tere Liye,Atif Aslam
2026-04-14,28,Dhurandhar - Title Track,Shashwat Sachdev
2026-04-14,29,Raanjhan,Sachet-Parampara
2026-04-14,30,Phir Se,Shashwat Sachdev
2026-04-14,31,Darkhaast,Mithoon
2026-04-14,32,Ehsaas,Faheem Abdullah
2026-04-14,33,Jo Tum Mere Ho,Anuv Jain
2026-04-14,34,Tere Bina,A.R. Rahman
2026-04-14,35,Agar Tum Saath Ho,Alka Yagnik
2026-04-14,36,Teri Deewani,Kailash Kher
2026-04-14,37,Run Down The City - Monica,Shashwat Sachdev
2026-04-14,38,Ye Tune Kya Kiya,Pritam
2026-04-14,39,Haseen,Talwiinder
2026-04-14,40,Lutt Le Gaya,Shashwat Sachdev
2026-04-14,41,Majboor,Sheheryar Rehan
2026-04-14,42,Barbaad,The Rish
2026-04-14,43,Jogi,thiarajxtt
2026-04-14,44,Mann Mera - Original Version,Gajendra Verma
2026-04-14,45,High On You,Jind Universe
2026-04-14,46,Thodi Si Daaru,AP Dhillon
2026-04-14,47,Mast Magan,Arijit Singh
2026-04-14,48,Not Guilty,Dhanda Nyoliwala
2026-04-14,49,Mutta Kalakki,G. V. Prakash
2026-04-14,50,Zaalima,Arijit Singh
2026-04-15,1,Bairan,Banjaare
2026-04-15,2,Gehra Hua,Shashwat Sachdev
2026-04-15,3,Sheesha - Aakhya Mai Aakh Ghali Jo Bairan,Mitta Ror
2026-04-15,4,Jaiye Sajana,Shashwat Sachdev
2026-04-15,5,Khat,Navjot Ahuja
2026-04-15,6,Sitaare,Arijit Singh
2026-04-15,7,Dooron Dooron,Paresh Pahuja
2026-04-15,8,Sahiba,Aditya Rikhari
2026-04-15,9,Finding Her,Kushagra
2026-04-15,10,Apna Bana Le,Sachin-Jigar
2026-04-15,11,Samjhawan,Jawad Ahmad
2026-04-15,12,Arz Kiya Hai | Coke Studio Bharat,Anuv Jain
2026-04-15,13,Pavazha Malli,Sai Abhyankkar
2026-04-15,14,Dhurandhar The Revenge - Aari Aari,Shashwat Sachdev
2026-04-15,15,Boyfriend,Karan Aujla
2026-04-15,16,Mann Mera,Gajendra Verma
2026-04-15,17,Jaan Se Guzarte Hain,Shashwat Sachdev
2026-04-15,18,Ishq,Faheem Abdullah
2026-04-15,19,Shararat,Shashwat Sachdev
2026-04-15,20,Majboor,Sheheryar Rehan
2026-04-15,21,Saiyaara,Tanishk Bagchi
2026-04-15,22,For A Reason,Karan Aujla
2026-04-15,23,Tum Ho Toh,Vishal Mishra
2026-04-15,24,Darkhaast,Mithoon
2026-04-15,25,Ishqa Ve,Zeeshan Ali
2026-04-15,26,Raanjhan,Sachet-Parampara
2026-04-15,27,Naal Nachna,Shashwat Sachdev
2026-04-15,28,Phir Se,Shashwat Sachdev
2026-04-15,29,Deewaana Deewaana,A.R. Rahman
2026-04-15,30,Bairi,Virat
2026-04-15,31,Tere Liye,Atif Aslam
2026-04-15,32,Dhurandhar - Title Track,Shashwat Sachdev
2026-04-15,33,Ehsaas,Faheem Abdullah
2026-04-15,34,Jo Tum Mere Ho,Anuv Jain
2026-04-15,35,Agar Tum Saath Ho,Alka Yagnik
2026-04-15,36,Tere Bina,A.R. Rahman
2026-04-15,37,Run Down The City - Monica,Shashwat Sachdev
2026-04-15,38,Lutt Le Gaya,Shashwat Sachdev
2026-04-15,39,Teri Deewani,Kailash Kher
2026-04-15,40,Ye Tune Kya Kiya,Pritam
2026-04-15,41,Jogi,thiarajxtt
2026-04-15,42,Barbaad,The Rish
2026-04-15,43,Haseen,Talwiinder
2026-04-15,44,Not Guilty,Dhanda Nyoliwala
2026-04-15,45,High On You,Jind Universe
2026-04-15,46,Mann Mera - Original Version,Gajendra Verma
2026-04-15,47,Mast Magan,Arijit Singh
2026-04-15,48,Thodi Si Daaru,AP Dhillon
2026-04-15,49,Jhol - Acoustic,Maanu
2026-04-15,50,Dhun,Mithoon
2026-04-16,1,Bairan,Banjaare
2026-04-16,2,Sheesha - Aakhya Mai Aakh Ghali Jo Bairan,Mitta Ror
2026-04-16,3,Gehra Hua,Shashwat Sachdev
2026-04-16,4,Jaiye Sajana,Shashwat Sachdev
2026-04-16,5,Khat,Navjot Ahuja
2026-04-16,6,Dooron Dooron,Paresh Pahuja
2026-04-16,7,Sahiba,Aditya Rikhari
2026-04-16,8,Sitaare,Arijit Singh
2026-04-16,9,Finding Her,Kushagra
2026-04-16,10,Apna Bana Le,Sachin-Jigar
2026-04-16,11,Majboor,Sheheryar Rehan
2026-04-16,12,Arz Kiya Hai | Coke Studio Bharat,Anuv Jain
2026-04-16,13,Dhurandhar The Revenge - Aari Aari,Shashwat Sachdev
2026-04-16,14,Pavazha Malli,Sai Abhyankkar
2026-04-16,15,Samjhawan,Jawad Ahmad
2026-04-16,16,Boyfriend,Karan Aujla
2026-04-16,17,Jaan Se Guzarte Hain,Shashwat Sachdev
2026-04-16,18,Mann Mera,Gajendra Verma
2026-04-16,19,Ishq,Faheem Abdullah
2026-04-16,20,Shararat,Shashwat Sachdev
2026-04-16,21,Darkhaast,Mithoon
2026-04-16,22,Tum Ho Toh,Vishal Mishra
2026-04-16,23,For A Reason,Karan Aujla
2026-04-16,24,Ishqa Ve,Zeeshan Ali
2026-04-16,25,Deewaana Deewaana,A.R. Rahman
2026-04-16,26,Saiyaara,Tanishk Bagchi
2026-04-16,27,Bairi,Virat
2026-04-16,28,Raanjhan,Sachet-Parampara
2026-04-16,29,Tere Liye,Atif Aslam
2026-04-16,30,Dhurandhar - Title Track,Shashwat Sachdev
2026-04-16,31,Naal Nachna,Shashwat Sachdev
2026-04-16,32,Ehsaas,Faheem Abdullah
2026-04-16,33,Phir Se,Shashwat Sachdev
2026-04-16,34,Tere Bina,A.R. Rahman
2026-04-16,35,Jo Tum Mere Ho,Anuv Jain
2026-04-16,36,Agar Tum Saath Ho,Alka Yagnik
2026-04-16,37,Barbaad,The Rish
2026-04-16,38,Lutt Le Gaya,Shashwat Sachdev
2026-04-16,39,Run Down The City - Monica,Shashwat Sachdev
2026-04-16,40,Ye Tune Kya Kiya,Pritam
2026-04-16,41,Haseen,Talwiinder
2026-04-16,42,Teri Deewani,Kailash Kher
2026-04-16,43,Jhol - Acoustic,Maanu
2026-04-16,44,Zaalima,Arijit Singh
2026-04-16,45,High On You,Jind Universe
2026-04-16,46,Dhun,Mithoon
2026-04-16,47,Jogi,thiarajxtt
2026-04-16,48,Not Guilty,Dhanda Nyoliwala
2026-04-16,49,Mann Mera - Original Version,Gajendra Verma
2026-04-16,50,Mutta Kalakki,G. V. Prakash
2026-04-17,1,Bairan,Banjaare
2026-04-17,2,Gehra Hua,Shashwat Sachdev
2026-04-17,3,Jaiye Sajana,Shashwat Sachdev
2026-04-17,4,Khat,Navjot Ahuja
2026-04-17,5,Sheesha - Aakhya Mai Aakh Ghali Jo Bairan,Mitta Ror
2026-04-17,6,Sitaare,Arijit Singh
2026-04-17,7,Sahiba,Aditya Rikhari
2026-04-17,8,Dooron Dooron,Paresh Pahuja
2026-04-17,9,Majboor,Sheheryar Rehan
2026-04-17,10,Finding Her,Kushagra
2026-04-17,11,Samjhawan,Jawad Ahmad
2026-04-17,12,Pavazha Malli,Sai Abhyankkar
2026-04-17,13,Arz Kiya Hai | Coke Studio Bharat,Anuv Jain
2026-04-17,14,Apna Bana Le,Sachin-Jigar
2026-04-17,15,Boyfriend,Karan Aujla
2026-04-17,16,Dhurandhar The Revenge - Aari Aari,Shashwat Sachdev
2026-04-17,17,Jaan Se Guzarte Hain,Shashwat Sachdev
2026-04-17,18,Ishq,Faheem Abdullah
2026-04-17,19,Mann Mera,Gajendra Verma
2026-04-17,20,Shararat,Shashwat Sachdev
2026-04-17,21,For A Reason,Karan Aujla
2026-04-17,22,Saiyaara,Tanishk Bagchi
2026-04-17,23,Tum Ho Toh,Vishal Mishra
2026-04-17,24,Ishqa Ve,Zeeshan Ali
2026-04-17,25,Deewaana Deewaana,A.R. Rahman
2026-04-17,26,Raanjhan,Sachet-Parampara
2026-04-17,27,Darkhaast,Mithoon
2026-04-17,28,Tere Liye,Atif Aslam
2026-04-17,29,Dhurandhar - Title Track,Shashwat Sachdev
2026-04-17,30,Naal Nachna,Shashwat Sachdev
2026-04-17,31,Tere Bina,A.R. Rahman
2026-04-17,32,Agar Tum Saath Ho,Alka Yagnik
2026-04-17,33,Phir Se,Shashwat Sachdev
2026-04-17,34,Jo Tum Mere Ho,Anuv Jain
2026-04-17,35,Ehsaas,Faheem Abdullah
2026-04-17,36,Bairi,Virat
2026-04-17,37,Ye Tune Kya Kiya,Pritam
2026-04-17,38,Lutt Le Gaya,Shashwat Sachdev
2026-04-17,39,Barbaad,The Rish
2026-04-17,40,Haseen,Talwiinder
2026-04-17,41,Run Down The City - Monica,Shashwat Sachdev
2026-04-17,42,Mast Magan,Arijit Singh
2026-04-17,43,Teri Deewani,Kailash Kher
2026-04-17,44,Jhol - Acoustic,Maanu
2026-04-17,45,Mutta Kalakki,G. V. Prakash
2026-04-17,46,Zaalima,Arijit Singh
2026-04-17,47,Aaya Sher,Anirudh Ravichander
2026-04-17,48,Dhun,Mithoon
2026-04-17,49,Mann Mera - Original Version,Gajendra Verma
2026-04-17,50,High On You,Jind Universe
2026-04-18,1,Bairan,Banjaare
2026-04-18,2,Gehra Hua,Shashwat Sachdev
2026-04-18,3,Sheesha - Aakhya Mai Aakh Ghali Jo Bairan,Mitta Ror
2026-04-18,4,Jaiye Sajana,Shashwat Sachdev
2026-04-18,5,Khat,Navjot Ahuja
2026-04-18,6,Majboor,Sheheryar Rehan
2026-04-18,7,Sahiba,Aditya Rikhari
2026-04-18,8,Sitaare,Arijit Singh
2026-04-18,9,Dooron Dooron,Paresh Pahuja
2026-04-18,10,Finding Her,Kushagra
2026-04-18,11,Samjhawan,Jawad Ahmad
2026-04-18,12,Pavazha Malli,Sai Abhyankkar
2026-04-18,13,Apna Bana Le,Sachin-Jigar
2026-04-18,14,Arz Kiya Hai | Coke Studio Bharat,Anuv Jain
2026-04-18,15,Dhurandhar The Revenge - Aari Aari,Shashwat Sachdev
2026-04-18,16,Boyfriend,Karan Aujla
2026-04-18,17,Shararat,Shashwat Sachdev
2026-04-18,18,Mann Mera,Gajendra Verma
2026-04-18,19,Jaan Se Guzarte Hain,Shashwat Sachdev
2026-04-18,20,Ishq,Faheem Abdullah
2026-04-18,21,Tum Ho Toh,Vishal Mishra
2026-04-18,22,Ishqa Ve,Zeeshan Ali
2026-04-18,23,Saiyaara,Tanishk Bagchi
2026-04-18,24,For A Reason,Karan Aujla
2026-04-18,25,Raanjhan,Sachet-Parampara
2026-04-18,26,Tere Liye,Atif Aslam
2026-04-18,27,Darkhaast,Mithoon
2026-04-18,28,Dhurandhar - Title Track,Shashwat Sachdev
2026-04-18,29,Bairi,Virat
2026-04-18,30,Deewaana Deewaana,A.R. Rahman
2026-04-18,31,Naal Nachna,Shashwat Sachdev
2026-04-18,32,Agar Tum Saath Ho,Alka Yagnik
2026-04-18,33,Tere Bina,A.R. Rahman
2026-04-18,34,Jo Tum Mere Ho,Anuv Jain
2026-04-18,35,Ehsaas,Faheem Abdullah
2026-04-18,36,Phir Se,Shashwat Sachdev
2026-04-18,37,Ye Tune Kya Kiya,Pritam
2026-04-18,38,Run Down The City - Monica,Shashwat Sachdev
2026-04-18,39,Haseen,Talwiinder
2026-04-18,40,Lutt Le Gaya,Shashwat Sachdev
2026-04-18,41,Barbaad,The Rish
2026-04-18,42,Mast Magan,Arijit Singh
2026-04-18,43,Mutta Kalakki,G. V. Prakash
2026-04-18,44,Zaalima,Arijit Singh
2026-04-18,45,High On You,Jind Universe
2026-04-18,46,Teri Deewani,Kailash Kher
2026-04-18,47,Dhun,Mithoon
2026-04-18,48,Thodi Si Daaru,AP Dhillon
2026-04-18,49,Aaya Sher,Anirudh Ravichander
2026-04-18,50,Jhol - Acoustic,Maanu
2026-04-19,1,Bairan,Banjaare
2026-04-19,2,Gehra Hua,Shashwat Sachdev
2026-04-19,3,Sheesha - Aakhya Mai Aakh Ghali Jo Bairan,Mitta Ror
2026-04-19,4,Jaiye Sajana,Shashwat Sachdev
2026-04-19,5,Khat,Navjot Ahuja
2026-04-19,6,Majboor,Sheheryar Rehan
2026-04-19,7,Finding Her,Kushagra
2026-04-19,8,Sitaare,Arijit Singh
2026-04-19,9,Sahiba,Aditya Rikhari
2026-04-19,10,Dooron Dooron,Paresh Pahuja
2026-04-19,11,Pavazha Malli,Sai Abhyankkar
2026-04-19,12,Samjhawan,Jawad Ahmad
2026-04-19,13,Arz Kiya Hai | Coke Studio Bharat,Anuv Jain
2026-04-19,14,Apna Bana Le,Sachin-Jigar
2026-04-19,15,Dhurandhar The Revenge - Aari Aari,Shashwat Sachdev
2026-04-19,16,Boyfriend,Karan Aujla
2026-04-19,17,Shararat,Shashwat Sachdev
2026-04-19,18,Mann Mera,Gajendra Verma
2026-04-19,19,Ishq,Faheem Abdullah
2026-04-19,20,Jaan Se Guzarte Hain,Shashwat Sachdev
2026-04-19,21,Tum Ho Toh,Vishal Mishra
2026-04-19,22,Saiyaara,Tanishk Bagchi
2026-04-19,23,For A Reason,Karan Aujla
2026-04-19,24,Raanjhan,Sachet-Parampara
2026-04-19,25,Deewaana Deewaana,A.R. Rahman
2026-04-19,26,Darkhaast,Mithoon
2026-04-19,27,Dhurandhar - Title Track,Shashwat Sachdev
2026-04-19,28,Tere Liye,Atif Aslam
2026-04-19,29,Ishqa Ve,Zeeshan Ali
2026-04-19,30,Ehsaas,Faheem Abdullah
2026-04-19,31,Naal Nachna,Shashwat Sachdev
2026-04-19,32,Bairi,Virat
2026-04-19,33,Jo Tum Mere Ho,Anuv Jain
2026-04-19,34,Tere Bina,A.R. Rahman
2026-04-19,35,Agar Tum Saath Ho,Alka Yagnik
2026-04-19,36,Phir Se,Shashwat Sachdev
2026-04-19,37,Haseen,Talwiinder
2026-04-19,38,Ye Tune Kya Kiya,Pritam
2026-04-19,39,Barbaad,The Rish
2026-04-19,40,Lutt Le Gaya,Shashwat Sachdev
2026-04-19,41,Mutta Kalakki,G. V. Prakash
2026-04-19,42,Zaalima,Arijit Singh
2026-04-19,43,Teri Deewani,Kailash Kher
2026-04-19,44,Run Down The City - Monica,Shashwat Sachdev
2026-04-19,45,Aaya Sher,Anirudh Ravichander
2026-04-19,46,Jhol - Acoustic,Maanu
2026-04-19,47,Mast Magan,Arijit Singh
2026-04-19,48,Dhun,Mithoon
2026-04-19,49,High On You,Jind Universe
2026-04-19,50,Mann Mera - Original Version,Gajendra Verma
2026-04-20,1,Bairan,Banjaare
2026-04-20,2,Gehra Hua,Shashwat Sachdev
2026-04-20,3,Sheesha - Aakhya Mai Aakh Ghali Jo Bairan,Mitta Ror
2026-04-20,4,Khat,Navjot Ahuja
2026-04-20,5,Jaiye Sajana,Shashwat Sachdev
2026-04-20,6,Majboor,Sheheryar Rehan
2026-04-20,7,Sitaare,Arijit Singh
2026-04-20,8,Finding Her,Kushagra
2026-04-20,9,Pavazha Malli,Sai Abhyankkar
2026-04-20,10,Sahiba,Aditya Rikhari
2026-04-20,11,Dooron Dooron,Paresh Pahuja
2026-04-20,12,Arz Kiya Hai | Coke Studio Bharat,Anuv Jain
2026-04-20,13,Samjhawan,Jawad Ahmad
2026-04-20,14,Apna Bana Le,Sachin-Jigar
2026-04-20,15,Boyfriend,Karan Aujla
2026-04-20,16,Mann Mera,Gajendra Verma
2026-04-20,17,Ishq,Faheem Abdullah
2026-04-20,18,Dhurandhar The Revenge - Aari Aari,Shashwat Sachdev
2026-04-20,19,Shararat,Shashwat Sachdev
2026-04-20,20,Tum Ho Toh,Vishal Mishra
2026-04-20,21,Jaan Se Guzarte Hain,Shashwat Sachdev
2026-04-20,22,Raanjhan,Sachet-Parampara
2026-04-20,23,Saiyaara,Tanishk Bagchi
2026-04-20,24,Darkhaast,Mithoon
2026-04-20,25,Ishqa Ve,Zeeshan Ali
2026-04-20,26,For A Reason,Karan Aujla
2026-04-20,27,Deewaana Deewaana,A.R. Rahman
2026-04-20,28,Tere Liye,Atif Aslam
2026-04-20,29,Tere Bina,A.R. Rahman
2026-04-20,30,Dhurandhar - Title Track,Shashwat Sachdev
2026-04-20,31,Jo Tum Mere Ho,Anuv Jain
2026-04-20,32,Naal Nachna,Shashwat Sachdev
2026-04-20,33,Ehsaas,Faheem Abdullah
2026-04-20,34,Agar Tum Saath Ho,Alka Yagnik
2026-04-20,35,Phir Se,Shashwat Sachdev
2026-04-20,36,Bairi,Virat
2026-04-20,37,Ye Tune Kya Kiya,Pritam
2026-04-20,38,Haseen,Talwiinder
2026-04-20,39,Barbaad,The Rish
2026-04-20,40,Mutta Kalakki,G. V. Prakash
2026-04-20,41,Run Down The City - Monica,Shashwat Sachdev
2026-04-20,42,Teri Deewani,Kailash Kher
2026-04-20,43,Jhol - Acoustic,Maanu
2026-04-20,44,Lutt Le Gaya,Shashwat Sachdev
2026-04-20,45,High On You,Jind Universe
2026-04-20,46,Aaya Sher,Anirudh Ravichander
2026-04-20,47,Mast Magan,Arijit Singh
2026-04-20,48,Dhun,Mithoon
2026-04-20,49,Mann Mera - Original Version,Gajendra Verma
2026-04-20,50,Thodi Si Daaru,AP Dhillon
2026-04-21,1,Bairan,Banjaare
2026-04-21,2,Gehra Hua,Shashwat Sachdev
2026-04-21,3,Majboor,Sheheryar Rehan
2026-04-21,4,Sheesha - Aakhya Mai Aakh Ghali Jo Bairan,Mitta Ror
2026-04-21,5,Khat,Navjot Ahuja
2026-04-21,6,Jaiye Sajana,Shashwat Sachdev
2026-04-21,7,Finding Her,Kushagra
2026-04-21,8,Pavazha Malli,Sai Abhyankkar
2026-04-21,9,Sahiba,Aditya Rikhari
2026-04-21,10,Sitaare,Arijit Singh
2026-04-21,11,Dooron Dooron,Paresh Pahuja
2026-04-21,12,Arz Kiya Hai | Coke Studio Bharat,Anuv Jain
2026-04-21,13,Samjhawan,Jawad Ahmad
2026-04-21,14,Apna Bana Le,Sachin-Jigar
2026-04-21,15,Mann Mera,Gajendra Verma
2026-04-21,16,Boyfriend,Karan Aujla
2026-04-21,17,Dhurandhar The Revenge - Aari Aari,Shashwat Sachdev
2026-04-21,18,Ishq,Faheem Abdullah
2026-04-21,19,Shararat,Shashwat Sachdev
2026-04-21,20,Tum Ho Toh,Vishal Mishra
2026-04-21,21,Jaan Se Guzarte Hain,Shashwat Sachdev
2026-04-21,22,Saiyaara,Tanishk Bagchi
2026-04-21,23,Raanjhan,Sachet-Parampara
2026-04-21,24,Ishqa Ve,Zeeshan Ali
2026-04-21,25,Darkhaast,Mithoon
2026-04-21,26,Deewaana Deewaana,A.R. Rahman
2026-04-21,27,For A Reason,Karan Aujla
2026-04-21,28,Tere Liye,Atif Aslam
2026-04-21,29,Ehsaas,Faheem Abdullah
2026-04-21,30,Jo Tum Mere Ho,Anuv Jain
2026-04-21,31,Tere Bina,A.R. Rahman
2026-04-21,32,Dhurandhar - Title Track,Shashwat Sachdev
2026-04-21,33,Agar Tum Saath Ho,Alka Yagnik
2026-04-21,34,Naal Nachna,Shashwat Sachdev
2026-04-21,35,Phir Se,Shashwat Sachdev
2026-04-21,36,Ye Tune Kya Kiya,Pritam
2026-04-21,37,Haseen,Talwiinder
2026-04-21,38,Barbaad,The Rish
2026-04-21,39,Bairi,Virat
2026-04-21,40,Mutta Kalakki,G. V. Prakash
2026-04-21,41,Teri Deewani,Kailash Kher
2026-04-21,42,Shree Hanuman Chalisa,Hariharan
2026-04-21,43,Run Down The City - Monica,Shashwat Sachdev
2026-04-21,44,Aaya Sher,Anirudh Ravichander
2026-04-21,45,Mann Mera - Original Version,Gajendra Verma
2026-04-21,46,Lutt Le Gaya,Shashwat Sachdev
2026-04-21,47,Mast Magan,Arijit Singh
2026-04-21,48,Jhol - Acoustic,Maanu
2026-04-21,49,Raabta,Pritam
2026-04-21,50,Dhun,Mithoon
2026-04-22,1,Bairan,Banjaare
2026-04-22,2,Gehra Hua,Shashwat Sachdev
2026-04-22,3,Majboor,Sheheryar Rehan
2026-04-22,4,Khat,Navjot Ahuja
2026-04-22,5,Sheesha - Aakhya Mai Aakh Ghali Jo Bairan,Mitta Ror
2026-04-22,6,Jaiye Sajana,Shashwat Sachdev
2026-04-22,7,Pavazha Malli,Sai Abhyankkar
2026-04-22,8,Finding Her,Kushagra
2026-04-22,9,Sahiba,Aditya Rikhari
2026-04-22,10,Sitaare,Arijit Singh
2026-04-22,11,Arz Kiya Hai | Coke Studio Bharat,Anuv Jain
2026-04-22,12,Dooron Dooron,Paresh Pahuja
2026-04-22,13,Samjhawan,Jawad Ahmad
2026-04-22,14,Apna Bana Le,Sachin-Jigar
2026-04-22,15,Mann Mera,Gajendra Verma
2026-04-22,16,Boyfriend,Karan Aujla
2026-04-22,17,Dhurandhar The Revenge - Aari Aari,Shashwat Sachdev
2026-04-22,18,Ishq,Faheem Abdullah
2026-04-22,19,Shararat,Shashwat Sachdev
2026-04-22,20,Tum Ho Toh,Vishal Mishra
2026-04-22,21,Saiyaara,Tanishk Bagchi
2026-04-22,22,Jaan Se Guzarte Hain,Shashwat Sachdev
2026-04-22,23,Raanjhan,Sachet-Parampara
2026-04-22,24,Darkhaast,Mithoon
2026-04-22,25,Ishqa Ve,Zeeshan Ali
2026-04-22,26,For A Reason,Karan Aujla
2026-04-22,27,Tere Liye,Atif Aslam
2026-04-22,28,Deewaana Deewaana,A.R. Rahman
2026-04-22,29,Ehsaas,Faheem Abdullah
2026-04-22,30,Jo Tum Mere Ho,Anuv Jain
2026-04-22,31,Dhurandhar - Title Track,Shashwat Sachdev
2026-04-22,32,Agar Tum Saath Ho,Alka Yagnik
2026-04-22,33,Naal Nachna,Shashwat Sachdev
2026-04-22,34,Tere Bina,A.R. Rahman
2026-04-22,35,Mutta Kalakki,G. V. Prakash
2026-04-22,36,Phir Se,Shashwat Sachdev
2026-04-22,37,Bairi,Virat
2026-04-22,38,Barbaad,The Rish
2026-04-22,39,Ye Tune Kya Kiya,Pritam
2026-04-22,40,Teri Deewani,Kailash Kher
2026-04-22,41,Aaya Sher,Anirudh Ravichander
2026-04-22,42,Haseen,Talwiinder
2026-04-22,43,Mann Mera - Original Version,Gajendra Verma
2026-04-22,44,Mast Magan,Arijit Singh
2026-04-22,45,Oorum Blood,Sai Abhyankkar
2026-04-22,46,Jhol - Acoustic,Maanu
2026-04-22,47,Lutt Le Gaya,Shashwat Sachdev
2026-04-22,48,High On You,Jind Universe
2026-04-22,49,Zaalima,Arijit Singh
2026-04-22,50,Raabta,Pritam
2026-04-23,1,Bairan,Banjaare
2026-04-23,2,Gehra Hua,Shashwat Sachdev
2026-04-23,3,Majboor,Sheheryar Rehan
2026-04-23,4,Khat,Navjot Ahuja
2026-04-23,5,Sheesha - Aakhya Mai Aakh Ghali Jo Bairan,Mitta Ror
2026-04-23,6,Jaiye Sajana,Shashwat Sachdev
2026-04-23,7,Finding Her,Kushagra
2026-04-23,8,Pavazha Malli,Sai Abhyankkar
2026-04-23,9,Arz Kiya Hai | Coke Studio Bharat,Anuv Jain
2026-04-23,10,Sahiba,Aditya Rikhari
2026-04-23,11,Sitaare,Arijit Singh
2026-04-23,12,Dooron Dooron,Paresh Pahuja
2026-04-23,13,Samjhawan,Jawad Ahmad
2026-04-23,14,Mann Mera,Gajendra Verma
2026-04-23,15,Apna Bana Le,Sachin-Jigar
2026-04-23,16,Boyfriend,Karan Aujla
2026-04-23,17,Ishq,Faheem Abdullah
2026-04-23,18,Dhurandhar The Revenge - Aari Aari,Shashwat Sachdev
2026-04-23,19,Shararat,Shashwat Sachdev
2026-04-23,20,Tum Ho Toh,Vishal Mishra
2026-04-23,21,Saiyaara,Tanishk Bagchi
2026-04-23,22,Raanjhan,Sachet-Parampara
2026-04-23,23,Darkhaast,Mithoon
2026-04-23,24,Jaan Se Guzarte Hain,Shashwat Sachdev
2026-04-23,25,Tere Liye,Atif Aslam
2026-04-23,26,Ishqa Ve,Zeeshan Ali
2026-04-23,27,Deewaana Deewaana,A.R. Rahman
2026-04-23,28,For A Reason,Karan Aujla
2026-04-23,29,Ehsaas,Faheem Abdullah
2026-04-23,30,Jo Tum Mere Ho,Anuv Jain
2026-04-23,31,Dhurandhar - Title Track,Shashwat Sachdev
2026-04-23,32,Agar Tum Saath Ho,Alka Yagnik
2026-04-23,33,Tere Bina,A.R. Rahman
2026-04-23,34,Naal Nachna,Shashwat Sachdev
2026-04-23,35,Ye Tune Kya Kiya,Pritam
2026-04-23,36,Teri Deewani,Kailash Kher
2026-04-23,37,Bairi,Virat
2026-04-23,38,Barbaad,The Rish
2026-04-23,39,Phir Se,Shashwat Sachdev
2026-04-23,40,Mutta Kalakki,G. V. Prakash
2026-04-23,41,Haseen,Talwiinder
2026-04-23,42,Mast Magan,Arijit Singh
2026-04-23,43,Aaya Sher,Anirudh Ravichander
2026-04-23,44,Mann Mera - Original Version,Gajendra Verma
2026-04-23,45,Jhol - Acoustic,Maanu
2026-04-23,46,Lutt Le Gaya,Shashwat Sachdev
2026-04-23,47,High On You,Jind Universe
2026-04-23,48,Zaalima,Arijit Singh
2026-04-23,49,Dhun,Mithoon
2026-04-23,50,Humsafar,Akhil Sachdeva
